Symbol,Last,Name,Sector,Industry,Time,YTD %Chg,10Y %Chg,Beta,Market Cap,Sales(a),Net Income(a),Earnings ttm,Div Yield,52W %Chg
A,134.1,Agilent Technologies,Computers and Technology,Electronic Test Equipment,7/29/2022,-16.00%,390.31%,1.04,40056744000,6319000000,1210000000,4.65,0.64%,-12.16%
AAL,13.71,American Airlines Gp,Transportation,Transportation - Airline,7/29/2022,-23.66%,19.63%,1.54,8909389000,29882000000,-1993000000,-3.97,0.00%,-35.24%
AAP,193.62,Advance Auto Parts Inc,Retail-Wholesale,Retail - Wholesale Auto Parts,7/29/2022,-19.28%,176.01%,1.21,11741115000,10997990000,616110000,12.25,3.14%,-9.26%
AAPL,162.51,Apple Inc,Computers and Technology,Computer - Mini,7/29/2022,-8.48%,645.02%,1.19,2.63E+12,3.66E+11,94680000000,6.16,0.58%,11.58%
ABBV,143.51,Abbvie Inc,Medical,Large Cap Pharma,7/29/2022,5.99%,N/A,0.77,2.54E+11,56197000000,11542000000,12.91,3.77%,20.73%
ABC,145.93,Amerisourcebergen Corp,Medical,Medical - Dental Suppliers,7/29/2022,9.81%,267.58%,0.49,30567080000,2.14E+11,1539930000,10.35,1.26%,18.92%
ABMD,293.01,Abiomed Inc,Medical,Medical Instruments,7/29/2022,-18.42%,1199.38%,1.32,13368872000,1031750000,136510000,4.42,0.00%,-9.79%
ABT,108.84,Abbott Laboratories,Medical,Medical Products,7/29/2022,-22.67%,228.28%,0.75,1.91E+11,43075000000,7071000000,5.88,1.70%,-10.12%
ACN,306.26,Accenture Plc,Business Services,Consulting,7/29/2022,-26.12%,407.89%,1.22,1.94E+11,50533390000,5906810000,10.31,1.28%,-3.80%
ADBE,410.12,Adobe Systems Inc,Computers and Technology,Computer - Software,7/29/2022,-27.68%,1228.11%,1.11,1.92E+11,15785000000,4822000000,10.96,0.00%,-34.03%
ADI,171.96,Analog Devices,Computers and Technology,Semi Analog & Mixed,7/29/2022,-2.17%,340.02%,1.09,89385848000,7318290000,1390420000,7.79,1.79%,3.25%
ADM,82.77,Archer Daniels Midland,Consumer Staples,Agriculture Operations,7/29/2022,22.46%,217.25%,0.81,46397716000,85249000000,2709000000,5.7,2.02%,38.88%
ADP,241.12,Automatic Data Procs,Business Services,Outsourcing,7/29/2022,-2.21%,386.08%,0.81,1.01E+11,15005400000,2598500000,6.71,1.74%,15.46%
ADSK,216.32,Autodesk Inc,Computers and Technology,Computer - Software,7/29/2022,-23.07%,537.74%,1.46,47000280000,4386400000,497000000,3.2,0.00%,-32.51%
AEE,93.12,Ameren Corp,Utilities,Utility - Electric Power,7/29/2022,4.62%,172.20%,0.36,24046098000,6394000000,990000000,3.9,2.56%,10.50%
AEP,98.56,American Electric Power Company,Utilities,Utility - Electric Power,7/29/2022,10.78%,133.33%,0.36,50614896000,16792000000,2488100000,4.81,3.20%,10.57%
AES,22.22,The Aes Corp,Utilities,Utility - Electric Power,7/29/2022,-8.56%,84.25%,0.98,14839849000,11141000000,-409000000,1.47,2.84%,-8.45%
AFL,57.3,Aflac Inc,Finance,Insurance - Accident & Health,7/29/2022,-1.87%,161.76%,0.96,36910652000,22106000000,4325000000,5.82,2.84%,3.04%
AIG,51.77,American International Group,Finance,Insurance - Multi Line,7/29/2022,-8.95%,65.56%,1.25,41011780000,52057000000,9388000000,5.37,2.54%,8.15%
AIZ,175.78,Assurant Inc,Finance,Insurance - Multi Line,7/29/2022,12.78%,385.45%,0.55,9507060000,10187600000,1372400000,10.62,1.58%,11.29%
AJG,178.99,Arthur J. Gallagher & Company,Finance,Insurance - Brokers,7/29/2022,5.49%,404.48%,0.67,37600072000,8209400000,906800000,6.29,1.16%,28.30%
AKAM,96.22,Akamai Technologies,Computers and Technology,Internet - Services,7/29/2022,-17.79%,173.51%,0.65,15424546000,3461220000,651640000,4.76,0.00%,-19.40%
ALB,244.31,Albemarle Corp,Basic Materials,Chemical - Diversified,7/29/2022,4.51%,319.63%,1.57,28611876000,3327960000,123670000,5.33,0.67%,20.46%
ALGN,280.97,Align Technology,Medical,Medical - Dental Suppliers,7/29/2022,-57.25%,727.36%,1.77,22142120000,3952580000,772020000,8.89,0.00%,-58.50%
ALK,44.33,Alaska Air Group,Transportation,Transportation - Airline,7/29/2022,-14.91%,154.40%,1.46,5589659000,6176000000,478000000,2.57,0.00%,-24.67%
ALL,116.97,Allstate Corp,Finance,Insurance - Proprty & Casualty,7/29/2022,-0.58%,241.02%,0.82,32164762000,50588000000,1599000000,9.85,2.94%,-11.73%
ALLE,105.7,Allegion Plc,Industrial Products,Protection - Safety,7/29/2022,-20.19%,N/A,1.05,9280988000,2867400000,483000000,5.06,1.57%,-21.99%
AMAT,105.98,Applied Materials,Computers and Technology,Semi-Eqpt Wafer Fabrication,7/29/2022,-32.65%,873.19%,1.5,92196992000,23063000000,5888000000,7.58,0.99%,-22.92%
AMCR,12.95,Amcor Plc,Industrial Products,Containers - Paper Products,7/29/2022,7.83%,N/A,0.77,19460832000,12861000000,939000000,0.8,3.68%,11.25%
AMD,94.47,Adv Micro Devices,Computers and Technology,Electronics - Semiconductors,7/29/2022,-34.35%,2226.85%,1.94,1.53E+11,16434000000,3162000000,3.09,0.00%,-8.24%
AME,123.5,Ametek Inc,Computers and Technology,Electronic Test Equipment,7/29/2022,-16.01%,298.39%,1.26,28517384000,5546510000,990050000,5.11,0.73%,-10.89%
AMGN,247.47,Amgen Inc,Medical,Medical - Biomedical,7/29/2022,10.00%,199.60%,0.58,1.32E+11,25979000000,5893000000,17.66,3.11%,2.07%
AMP,269.92,Ameriprise Financial Services,Finance,Finance - Investment Mgmt,7/29/2022,-10.52%,421.89%,1.51,29665288000,13431000000,2760000000,23.31,1.90%,4.13%
AMT,270.83,American Tower Corp,Finance,REIT - Equity Trust Other,7/29/2022,-7.41%,274.54%,0.46,1.26E+11,9356900000,2567700000,5.78,2.13%,-4.30%
AMZN,134.95,Amazon.com Inc,Retail-Wholesale,Internet Commerce,7/29/2022,-19.05%,1056.88%,1.25,1.37E+12,4.70E+11,33364000000,2.67,0.00%,-25.03%
ANET,116.63,Arista Networks Inc,Computers and Technology,Communications Components,7/29/2022,-18.87%,N/A,1.28,35952832000,2948040000,840850000,2.6,0.00%,22.44%
ANSS,278.99,Ansys Inc,Computers and Technology,Computer - Software,7/29/2022,-30.45%,365.29%,1.27,24269338000,1906720000,454630000,6,0.00%,-23.64%
AON,291.04,AON Plc,Finance,Insurance - Brokers,7/29/2022,-3.17%,491.54%,0.91,61812240000,12193000000,1255000000,12.57,0.77%,10.34%
AOS,63.27,Smith A.O. Corp,Industrial Products,Machinery - Electrical,7/29/2022,-26.30%,412.10%,1.15,9870563000,3538900000,487100000,3.19,1.84%,-10.17%
APA,37.17,Apa Corp,Oils-Energy,Oil - US Exploration & Product,7/29/2022,38.23%,-56.84%,4.06,12572082000,7928000000,973000000,4.89,1.40%,94.81%
APD,248.23,Air Products and Chemicals,Basic Materials,Chemical - Diversified,7/29/2022,-18.42%,208.63%,0.83,55050712000,10323000000,2099100000,9.72,2.65%,-14.31%
APH,77.13,Amphenol Corp,Computers and Technology,Electronics - Connectors,7/29/2022,-11.81%,423.98%,1.21,46057248000,10876300000,1590800000,2.63,1.04%,7.18%
APTV,104.89,Aptiv Plc,Business Services,Technology Services,7/29/2022,-36.41%,339.66%,2,28417952000,15618000000,590000000,2.17,0.00%,-37.44%
ARE,165.78,Alexandria Real Estate Equities,Finance,REIT - Equity Trust Other,7/29/2022,-25.65%,125.61%,0.88,27049988000,2114150000,571250000,2.79,2.89%,-17.01%
ATO,121.39,Atmos Energy Corp,Utilities,Utility - Gas Distribution,7/29/2022,15.86%,238.61%,0.48,16875028000,3407490000,665560000,5.38,2.27%,21.16%
ATVI,79.95,Activision Blizzard,Consumer Discretionary,Toys & Game & Hobby,7/29/2022,20.17%,564.59%,0.52,62511380000,8803000000,2699000000,2.8,0.59%,-4.33%
AVB,213.94,Avalonbay Communities,Finance,REIT - Equity Trust Resident,7/29/2022,-15.30%,45.45%,0.92,29912662000,2294850000,1004410000,8.04,3.00%,-6.95%
AVGO,535.48,Broadcom Ltd,Computers and Technology,Electronics - Semiconductors,7/29/2022,-19.53%,1351.17%,1.09,2.16E+11,27450000000,6736000000,29.4,3.07%,10.61%
AVY,190.46,Avery Dennison Corp,Industrial Products,Office Supply & Forms,7/29/2022,-12.06%,518.58%,0.93,15563248000,8408300000,740100000,8.92,1.59%,-9.18%
AWK,155.44,American Water Works,Utilities,Utility - Water Supply,7/29/2022,-17.70%,328.80%,0.44,28251688000,3930000000,1263000000,4.39,1.68%,-8.96%
AXP,154.02,American Express Company,Finance,Finance - Misc Services,7/29/2022,-5.86%,166.89%,1.15,1.15E+11,43663000000,8060000000,9.75,1.37%,-10.43%
AZO,2137.3899,Autozone,Retail-Wholesale,Retail - Wholesale Auto Parts,7/29/2022,1.96%,469.62%,0.83,41653456000,14629580000,2170310000,112.74,0.00%,31.46%
BA,159.31,Boeing Company,Aerospace,Aerospace - Defense,7/29/2022,-20.87%,115.55%,1.36,94253528000,62286000000,-4202000000,-10.64,0.00%,-31.22%
BAC,33.81,Bank of America Corp,Finance,Banks - Major Regional,7/29/2022,-24.01%,360.63%,1.41,2.72E+11,93851000000,31978000000,3.2,2.52%,-12.59%
BALL,73.42,Ball Corporation,Industrial Products,Containers - Metal & Glass,7/29/2022,-23.74%,253.32%,0.55,23478908000,13811000000,878000000,3.54,1.09%,-9.37%
BAX,58.66,Baxter International Inc,Medical,Medical Products,7/29/2022,-31.66%,84.47%,0.68,29537010000,12784000000,1284000000,3.79,1.95%,-24.19%
BBWI,35.54,Bath & Body Works Inc,Retail-Wholesale,Retail - Misc & Diversified,7/29/2022,-49.08%,-7.51%,1.72,8129278000,7882000000,1333000000,4.63,2.26%,-44.66%
BBY,76.99,Best Buy Company,Retail-Wholesale,Retail - Consumer Electronics,7/29/2022,-24.22%,325.59%,1.47,17335682000,51761000000,2454000000,9.36,4.51%,-32.62%
BDX,244.31,Becton Dickinson and Company,Medical,Medical - Dental Suppliers,7/29/2022,-2.85%,222.69%,0.62,69644232000,20248000000,2092000000,12.15,1.43%,-4.31%
BEN,27.45,Franklin Resources,Finance,Finance - Investment Mgmt,7/29/2022,-18.04%,-28.36%,1.15,13722915000,8425500000,1831200000,4.26,4.37%,-7.89%
BF.B,74.22,Brown Forman Inc Cl B,Consumer Staples,Beverages - Alcohol,7/29/2022,1.87%,197.48%,0.66,35555388000,3933000000,838000000,1.74,1.02%,3.86%
BIIB,215.06,Biogen Inc,Medical,Medical - Biomedical,7/29/2022,-10.36%,60.10%,0.39,31208002000,10981700000,1556100000,17.03,0.00%,-34.67%
BIO,563.26,Bio-Rad Laboratories,Medical,Medical Products,7/29/2022,-25.45%,485.45%,0.93,16865124000,2922550000,4245900000,15.4,0.00%,-20.35%
BK,43.46,Bank of New York Mellon Corp,Finance,Banks - Major Regional,7/29/2022,-25.17%,104.23%,1.14,35106900000,16158000000,3759000000,4.09,3.44%,-15.28%
BKNG,1935.69,Booking Holdings Inc,Retail-Wholesale,Internet Commerce,7/29/2022,-19.32%,192.52%,1.25,78633536000,10958000000,1165000000,54.88,0.00%,-12.58%
BKR,25.69,Baker Hughes A Ge Co. Cl A,Oils-Energy,Oil - Field Services,7/29/2022,6.77%,-20.27%,1.55,26395730000,20502000000,-219000000,0.67,2.88%,21.29%
BLK,669.18,Blackrock Inc,Finance,Finance - Investment Mgmt,7/29/2022,-26.91%,293.03%,1.26,1.01E+11,19374000000,5901000000,38.25,2.96%,-23.03%
BMY,73.78,Bristol-Myers Squibb Company,Medical,Medical - Biomedical,7/29/2022,18.33%,107.25%,0.45,1.57E+11,46385000000,6994000000,7.72,2.89%,8.26%
BR,160.55,Broadridge Financial Solutions Llc,Business Services,Outsourcing,7/29/2022,-12.18%,658.38%,0.92,18820794000,4993700000,547500000,6.02,1.59%,-6.91%
BRK.B,300.6,Berkshire Hathaway Cl B,Finance,Insurance - Proprty & Casualty,7/29/2022,0.54%,254.31%,0.89,6.63E+11,2.76E+11,89795000000,12.26,0.00%,7.45%
BRO,65.1,Brown & Brown,Finance,Insurance - Brokers,7/29/2022,-7.37%,415.85%,0.78,18387756000,3051400000,587100000,2.27,0.64%,18.71%
BSX,41.05,Boston Scientific Corp,Medical,Medical Products,7/29/2022,-3.37%,694.00%,0.83,58683888000,11888000000,1041000000,1.65,0.00%,-9.42%
BWA,38.46,Borgwarner Inc,Auto-Tires-Trucks,Auto - Truck Original Parts,7/29/2022,-14.67%,14.63%,1.38,9214054000,14838000000,537000000,3.99,1.77%,-21.35%
BXP,91.16,Boston Properties,Finance,REIT - Equity Trust Other,7/29/2022,-20.85%,-17.80%,1.15,14285868000,2888620000,505200000,3.49,4.35%,-23.01%
C,51.9,Citigroup Inc,Finance,Banks - Major Regional,7/29/2022,-14.06%,91.30%,1.6,1.03E+11,79865000000,21952000000,8.8,3.91%,-24.57%
CAG,34.21,Conagra Brands Inc,Consumer Staples,Food - Misc & Diversified,7/29/2022,0.18%,78.05%,0.61,16423948000,11535900000,888200000,2.37,3.68%,1.69%
CAH,59.56,Cardinal Health,Medical,Medical - Dental Suppliers,7/29/2022,15.67%,38.22%,0.82,16225752000,1.62E+11,611000000,4.78,3.37%,-0.72%
CARR,40.53,Carrier Global Corp,Computers and Technology,Electronics Products - Misc,7/29/2022,-25.28%,N/A,1.35,34379248000,20613000000,1664000000,2.33,1.52%,-24.86%
CAT,198.25,Caterpillar Inc,Industrial Products,Machinery - Construct & Mining,7/29/2022,-4.11%,135.42%,1,1.06E+11,50971000000,6489000000,10.83,2.56%,-6.73%
CB,188.64,Chubb Ltd,Finance,Insurance - Proprty & Casualty,7/29/2022,-2.42%,156.65%,0.74,79928848000,40963000000,8539000000,13.89,1.79%,12.67%
CBOE,123.38,CBOE Global Markets Inc,Finance,Securities Exchanges,7/29/2022,-5.38%,332.91%,0.59,13101599000,3494800000,529000000,6.26,1.53%,6.41%
CBRE,85.62,CBRE Group Inc,Finance,Real Estate Operations,7/29/2022,-21.09%,449.55%,1.36,27985840000,27746040000,1836570000,6.33,0.00%,-10.40%
CCI,180.66,Crown Castle International Corp,Finance,REIT - Equity Trust Other,7/29/2022,-13.45%,191.95%,0.57,78231568000,6340000000,1096000000,3.56,3.24%,-6.31%
CCL,9.06,Carnival Corp,Consumer Discretionary,Leisure & Recreation Services,7/29/2022,-54.97%,-72.78%,2.15,9011222000,1908000000,-9501000000,-6.76,0.00%,-60.11%
CDAY,54.77,Ceridian Hcm Holding Inc,Computers and Technology,Internet - Software,7/29/2022,-47.57%,N/A,1.54,8360367000,1024200000,-75400000,-0.46,0.00%,-44.18%
CDNS,186.08,Cadence Design Sys,Computers and Technology,Computer - Software,7/29/2022,-0.14%,1422.75%,1.09,50961728000,2988240000,695960000,2.98,0.00%,27.63%
CDW,181.53,CDW Corp,Computers and Technology,IT Services,7/29/2022,-11.35%,N/A,1.1,24527608000,20820800000,988600000,8.1,1.12%,-0.86%
CE,117.51,Celanese Corp,Basic Materials,Chemical - Specialty,7/29/2022,-30.08%,208.18%,1.28,12727390000,8537000000,1890000000,20.29,2.27%,-24.52%
CEG,66.1,Constellation Energy Corp,Oils-Energy,Other Alt Energy,7/29/2022,N/A,N/A,N/A,21594802000,19649000000,-205000000,0.32,0.87%,N/A
CF,95.49,Cf Industries Holdings,Basic Materials,Fertilizers,7/29/2022,34.91%,143.90%,1.06,19919404000,6538000000,917000000,10.02,1.70%,100.48%
CFG,37.97,Citizens Financial Group Inc/Ri,Finance,Finance - Savings & Loan,7/29/2022,-19.64%,N/A,1.45,18812086000,6986000000,2319000000,4.69,4.18%,-11.39%
CHD,87.97,Church & Dwight Company,Consumer Staples,Soap and Cleaning Products,7/29/2022,-14.18%,205.40%,0.39,21356564000,5190100000,827500000,3.03,1.09%,1.22%
CHRW,110.7,C.H. Robinson Ww,Transportation,Transportation - Services,7/29/2022,2.85%,109.46%,0.73,14088345000,23102140000,844250000,7.08,2.04%,24.06%
CHTR,432.1,Charter Communicatio,Consumer Discretionary,Cable TV,7/29/2022,-33.72%,461.75%,1.01,72531448000,51682000000,4654000000,27.62,0.00%,-39.46%
CI,275.36,Cigna Corp,Finance,Insurance - Multi Line,7/29/2022,19.91%,583.61%,0.74,87364288000,1.74E+11,5365000000,21.75,1.64%,20.27%
CINF,97.34,Cincinnati Financial,Finance,Insurance - Proprty & Casualty,7/29/2022,-14.56%,157.24%,0.68,15608955000,9630000000,2946000000,6.62,2.83%,-17.31%
CL,78.74,Colgate-Palmolive Company,Consumer Staples,Soap and Cleaning Products,7/29/2022,-7.73%,46.68%,0.51,65979556000,17421000000,2166000000,3.14,2.37%,-5.72%
CLX,141.84,Clorox Company,Consumer Staples,Soap and Cleaning Products,7/29/2022,-18.65%,95.08%,0.19,17457668000,7341000000,710000000,4.13,3.26%,-22.42%
CMA,77.77,Comerica Inc,Finance,Banks - Major Regional,7/29/2022,-10.61%,157.43%,1.33,10169204000,3024000000,1168000000,6.85,3.51%,12.08%
CMCSA,37.52,Comcast Corp A,Consumer Discretionary,Cable TV,7/29/2022,-25.45%,130.54%,0.97,1.70E+11,1.16E+11,14158000000,3.34,2.74%,-35.43%
CME,199.48,CME Group Inc,Finance,Securities Exchanges,7/29/2022,-12.68%,282.81%,0.44,71697296000,4689700000,2636400000,7.01,2.00%,-7.09%
CMG,1564.22,Chipotle Mexican Grill,Retail-Wholesale,Retail - Restaurants,7/29/2022,-10.53%,435.09%,1.27,43738704000,7547060000,652980000,25.76,0.00%,-15.27%
CMI,221.31,Cummins Inc,Auto-Tires-Trucks,Engines - Internal Combustion,7/29/2022,1.45%,130.77%,1.01,31226400000,24021000000,2131000000,14.65,2.70%,-5.08%
CMS,68.73,Cms Energy Corp,Utilities,Utility - Electric Power,7/29/2022,5.66%,178.71%,0.28,19940568000,7329000000,1353000000,2.76,2.68%,10.23%
CNC,92.97,Centene Corp,Medical,Medical - HMO,7/29/2022,12.83%,877.60%,0.48,53929200000,1.26E+11,1347000000,5.35,0.00%,34.58%
CNP,31.69,Centerpoint Energy Inc,Utilities,Utility - Electric Power,7/29/2022,13.54%,50.47%,0.87,19947238000,8352000000,1486000000,1.52,2.16%,22.78%
COF,109.83,Capital One Financial Corp,Finance,Finance - Consumer Loans,7/29/2022,-24.30%,94.42%,1.48,43168792000,32033000000,12390000000,22.85,2.23%,-32.99%
COO,327,Cooper Companies,Medical,Medical - Dental Suppliers,7/29/2022,-21.95%,334.49%,0.92,16132869000,2922500000,2944700000,13.17,0.02%,-21.56%
COP,97.43,Conocophillips,Oils-Energy,Oil - US Integrated,7/29/2022,34.98%,78.97%,1.4,1.26E+11,48349000000,8079000000,8.58,1.96%,70.69%
COST,541.3,Costco Wholesale,Retail-Wholesale,Retail - Discount,7/29/2022,-4.65%,462.80%,0.66,2.40E+11,1.96E+11,5007000000,12.96,0.67%,27.28%
CPB,49.35,Campbell Soup Company,Consumer Staples,Food - Misc & Diversified,7/29/2022,13.55%,49.05%,0.37,14833425000,8476000000,1002000000,2.83,3.01%,12.31%
CPRT,128.1,Copart Inc,Business Services,Auction Valuation Services,7/29/2022,-15.51%,978.28%,1.11,30445912000,2692510000,936500000,4.37,0.00%,-12.68%
CPT,141.1,Camden Property Trust,Finance,REIT - Equity Trust Resident,7/29/2022,-21.03%,97.87%,0.77,15030114000,1143590000,303910000,3.37,2.66%,-5.14%
CRL,250.54,Charles River Laboratories Intl,Medical,Medical Services,7/29/2022,-33.50%,636.23%,1.26,12728685000,3540160000,390980000,10.55,0.00%,-38.22%
CRM,184.02,Salesforce Inc,Computers and Technology,Computer - Software,7/29/2022,-27.59%,491.89%,1.08,1.83E+11,26492000000,1444000000,2.3,0.00%,-24.59%
CSCO,45.37,Cisco Systems Inc,Computers and Technology,Computer - Networks,7/29/2022,-28.40%,184.45%,0.98,1.88E+11,49818000000,10591000000,3.04,3.33%,-17.61%
CSX,32.33,CSX Corp,Transportation,Transportation - Rail,7/29/2022,-14.02%,322.80%,1.21,69226328000,12522000000,3781000000,1.74,1.26%,0.75%
CTAS,425.49,Cintas Corp,Industrial Products,Uniform & Related,7/29/2022,-3.99%,973.66%,1.45,43538260000,7854460000,1235760000,11.37,0.90%,8.23%
CTLT,113.1,Catalent Inc,Medical,Medical - Drugs,7/29/2022,-11.66%,N/A,1.32,20268990000,3998000000,529000000,3.56,0.00%,-5.21%
CTRA,30.59,Coterra Energy Inc,Oils-Energy,Oil - US Exploration & Product,7/29/2022,61.00%,45.01%,-0.03,24649576000,3449000000,1158000000,2.53,2.01%,92.39%
CTSH,67.96,Cognizant Tech Sol,Computers and Technology,Business Software Services,7/29/2022,-23.40%,139.42%,1.1,35418984000,18507000000,2137000000,4.23,1.62%,-8.06%
CTVA,57.55,Corteva Inc,Consumer Staples,Agriculture Operations,7/29/2022,21.72%,N/A,0.73,41648936000,15655000000,1759000000,2.31,0.98%,33.16%
CTXS,101.41,Citrix Systems Inc,Computers and Technology,Computer - Software,7/29/2022,7.21%,75.25%,0.06,12867409000,3217170000,307500000,3.07,0.73%,2.43%
CVS,95.68,CVS Corp,Retail-Wholesale,Retail - Drug Stores,7/29/2022,-7.25%,111.45%,0.77,1.25E+11,2.92E+11,7910000000,8.59,2.30%,15.19%
CVX,163.78,Chevron Corp,Oils-Energy,Oil - International Integrated,7/29/2022,39.57%,49.46%,1.14,3.22E+11,1.62E+11,15625000000,10.59,3.78%,59.68%
CZR,45.69,Caesars Entertainment Inc,Consumer Discretionary,Leisure & Recreation Services,7/29/2022,-51.15%,N/A,2.82,9794382000,9570000000,-1019000000,-3.85,0.00%,-49.15%
D,81.98,Dominion Resources,Utilities,Utility - Electric Power,7/29/2022,4.35%,50.95%,0.42,66507920000,13964000000,3288000000,3.95,3.28%,8.57%
DAL,31.8,Delta Air Lines Inc,Transportation,Transportation - Airline,7/29/2022,-18.63%,229.53%,1.19,20390096000,29899000000,280000000,0.73,0.00%,-22.87%
DD,61.23,Dupont Denemours Inc,Basic Materials,Chemical - Diversified,7/29/2022,-24.20%,49.70%,1.42,31137108000,16653000000,6467000000,4.11,2.20%,-18.46%
DE,343.18,Deere & Company,Industrial Products,Machinery - Farm,7/29/2022,0.08%,346.73%,1.08,1.05E+11,44024000000,5963000000,19.17,1.36%,-4.62%
DFS,101,Discover Financial Services,Finance,Finance - Consumer Loans,7/29/2022,-12.60%,180.87%,1.48,28377464000,13221000000,5449000000,15.36,2.41%,-19.52%
DG,248.43,Dollar General Corp,Retail-Wholesale,Retail - Discount,7/29/2022,5.34%,387.02%,0.43,56392860000,34220450000,2399230000,9.75,0.90%,6.62%
DGX,136.57,Quest Diagnostics Inc,Medical,Medical - Outpatient & Hm Care,7/29/2022,-21.06%,133.73%,1.03,15924882000,10788000000,1995000000,12.87,1.95%,-3.31%
DHI,78.03,D.R. Horton,Construction,Building - Residential & Comm,7/29/2022,-28.05%,342.60%,1.58,27113940000,27774200000,4175800000,15.57,1.15%,-18.30%
DHR,291.47,Danaher Corp,Conglomerates,Conglomerates - Div Operations,7/29/2022,-11.41%,451.92%,0.83,2.12E+11,29453000000,6433000000,10.6,0.35%,-2.07%
DIS,106.1,Walt Disney Company,Consumer Discretionary,Media Conglomerates,7/29/2022,-31.50%,115.91%,1.24,1.93E+11,67418000000,1995000000,3.31,0.00%,-40.51%
DISH,17.37,Dish Network Corp,Consumer Discretionary,Cable TV,7/29/2022,-46.45%,-43.53%,1.95,9206014000,17881110000,2410640000,3.49,0.00%,-58.85%
DLR,132.45,Digital Realty Trust,Finance,REIT - Equity Trust Other,7/29/2022,-25.11%,69.66%,0.32,37704804000,4427880000,1709260000,4.89,3.56%,-11.99%
DLTR,165.36,Dollar Tree Inc,Retail-Wholesale,Retail - Discount,7/29/2022,17.68%,228.49%,0.68,37132576000,26321200000,1327900000,6.57,0.00%,66.86%
DOV,133.68,Dover Corp,Industrial Products,Machinery - General Industrial,7/29/2022,-26.39%,203.77%,1.4,19189628000,7907080000,1123820000,7.8,1.52%,-19.04%
DOW,53.21,Dow Inc,Basic Materials,Chemical - Diversified,7/29/2022,-6.19%,N/A,1.41,38213664000,54968000000,6311000000,9.55,5.35%,-15.00%
DPZ,392.11,Domino's Pizza Inc,Retail-Wholesale,Retail - Restaurants,7/29/2022,-30.52%,1048.54%,0.62,14070864000,4357370000,510470000,12.81,1.13%,-25.48%
DRE,62.56,Duke Realty Corp,Finance,REIT - Equity Trust Other,7/29/2022,-4.69%,332.64%,0.67,24051504000,1105920000,852900000,2.76,1.79%,22.88%
DRI,124.49,Darden Restaurants,Retail-Wholesale,Retail - Restaurants,7/29/2022,-17.36%,143.24%,1.31,15430036000,9630000000,952800000,7.41,3.82%,-17.13%
DTE,130.3,Dte Energy Company,Utilities,Utility - Electric Power,7/29/2022,9.00%,154.78%,0.62,25244190000,14964000000,907000000,6.78,2.74%,10.30%
DUK,109.93,Duke Energy Corp,Utilities,Utility - Electric Power,7/29/2022,4.80%,62.19%,0.35,84635112000,25097000000,3908000000,5.27,3.62%,4.02%
DVA,84.16,Davita Healthcare Partners Inc,Medical,Medical - Outpatient & Hm Care,7/29/2022,-26.02%,71.02%,1.19,7961536000,11618800000,978450000,8.63,0.00%,-29.28%
DVN,62.85,Devon Energy Corp,Oils-Energy,Oil - US Exploration & Product,7/29/2022,42.68%,6.31%,2.61,41481000000,12206000000,2813000000,4.95,8.41%,136.01%
DXC,31.6,Dxc Technology Company,Computers and Technology,IT Services,7/29/2022,-1.83%,N/A,2.09,7257098000,16265000000,718000000,3.5,0.00%,-22.30%
DXCM,82.08,Dexcom Inc,Medical,Medical Instruments,7/29/2022,-38.85%,2882.02%,1.03,32216730000,2448500000,154700000,0.66,0.00%,-28.01%
EA,131.23,Electronic Arts Inc,Consumer Discretionary,Toys & Game & Hobby,7/29/2022,-0.51%,1090.83%,0.84,36691384000,6991000000,789000000,5.14,0.57%,-8.47%
EBAY,48.63,Ebay Inc,Retail-Wholesale,Internet Commerce,7/29/2022,-26.87%,160.71%,1.18,27225116000,10420000000,13608000000,3.34,1.83%,-33.76%
ECL,165.17,Ecolab Inc,Basic Materials,Chemical - Specialty,7/29/2022,-29.59%,152.36%,1.03,47181636000,12733100000,1129900000,4.7,1.25%,-25.06%
ED,99.27,Consolidated Edison Company,Utilities,Utility - Electric Power,7/29/2022,16.35%,53.91%,0.24,35170864000,13676000000,1346000000,4.41,3.21%,33.21%
EFX,208.91,Equifax Inc,Business Services,Financial Transaction Services,7/29/2022,-28.65%,346.01%,1.48,25570584000,4923900000,744200000,8,0.75%,-19.84%
EIX,67.77,Edison International,Utilities,Utility - Electric Power,7/29/2022,-0.70%,46.75%,0.66,25806542000,14905000000,925000000,4.86,4.28%,18.44%
EL,273.1,Estee Lauder Companies,Consumer Staples,Cosmetics & Toiletries,7/29/2022,-26.23%,421.38%,0.99,97591456000,16215000000,2870000000,7.58,0.88%,-18.13%
ELV,477.1,Elevance Health Inc,Medical,Medical Services,7/29/2022,2.93%,795.29%,0.96,1.15E+11,1.39E+11,6104000000,28.22,1.08%,24.14%
EMN,95.93,Eastman Chemical Company,Basic Materials,Chemical - Diversified,7/29/2022,-20.66%,83.49%,1.46,12363651000,10476000000,857000000,8.79,3.19%,-14.93%
EMR,90.07,Emerson Electric Company,Industrial Products,Machinery - Electrical,7/29/2022,-3.12%,88.55%,1.41,53501580000,18236000000,2303000000,4.64,2.33%,-9.93%
ENPH,284.18,Enphase Energy Inc,Oils-Energy,Solar,7/29/2022,55.34%,4791.22%,1.37,38494168000,1382050000,145450000,1.59,0.00%,56.09%
EOG,111.22,Eog Resources,Oils-Energy,Oil - US Exploration & Product,7/29/2022,25.21%,126.96%,1.69,65143112000,18642000000,4664000000,10.98,2.79%,50.89%
EPAM,349.25,Epam Systems Inc,Computers and Technology,IT Services,7/29/2022,-47.75%,2077.37%,1.76,19959988000,3758140000,481650000,8.89,0.00%,-37.20%
EQIX,703.74,Equinix Inc,Finance,REIT - Equity Trust Retail,7/29/2022,-16.80%,294.96%,0.47,64050184000,6635540000,500190000,5.42,1.74%,-10.51%
EQR,78.39,Equity Residential,Finance,REIT - Equity Trust Resident,7/29/2022,-13.38%,23.82%,0.81,29477932000,2464000000,1332850000,3.58,3.22%,-7.20%
ES,88.22,Eversource Energy,Utilities,Utility - Electric Power,7/29/2022,-3.03%,121.21%,0.45,30425138000,9863090000,1220530000,4.02,2.89%,2.12%
ESS,286.53,Essex Property Trust,Finance,REIT - Equity Trust Resident,7/29/2022,-18.65%,82.09%,0.76,18719864000,1440560000,488550000,4.99,3.09%,-13.33%
ETN,148.39,Eaton Corp,Industrial Products,Machinery - Electrical,7/29/2022,-14.14%,238.48%,1.15,59207608000,19628000000,2144000000,6.81,2.22%,-5.91%
ETR,115.13,Entergy Corp,Utilities,Utility - Electric Power,7/29/2022,2.20%,58.43%,0.6,23414448000,11742900000,1118720000,5.87,3.54%,10.30%
ETSY,103.72,Etsy Inc,Computers and Technology,Internet - Services,7/29/2022,-52.63%,N/A,1.74,13184784000,2329110000,493510000,3.01,0.00%,-47.87%
EVRG,68.26,Evergy Inc,Oils-Energy,Oil - Production & Pipeline,7/29/2022,-0.51%,123.36%,0.49,15664169000,5586700000,879700000,3.57,3.39%,4.44%
EW,100.54,Edwards Lifesciences Corp,Medical,Medical Instruments,7/29/2022,-22.39%,496.09%,1.14,62510952000,5232500000,1503100000,2.29,0.00%,-9.93%
EXC,46.49,Exelon Corp,Utilities,Utility - Electric Power,7/29/2022,12.68%,66.38%,0.59,45566568000,36347000000,1706000000,3.52,2.92%,37.54%
EXPD,106.25,Expeditors Intl,Transportation,Transportation - Services,7/29/2022,-20.88%,198.71%,0.88,17823862000,16523520000,1415490000,8.64,1.28%,-16.32%
EXPE,106.05,Expedia Group Inc,Retail-Wholesale,Internet Commerce,7/29/2022,-41.32%,86.09%,1.61,16660244000,8598000000,12000000,0.84,0.00%,-35.23%
EXR,189.52,Extra Space Storage Inc,Finance,REIT - Equity Trust Other,7/29/2022,-16.41%,478.86%,0.47,25448742000,1577360000,827650000,6.16,3.19%,9.08%
F,14.69,Ford Motor Company,Auto-Tires-Trucks,Auto - Domestic,7/29/2022,-29.27%,58.98%,1.21,59050344000,1.36E+11,17937000000,1.28,2.86%,2.08%
FANG,128.02,Diamondback Energy,Oils-Energy,Oil - US Exploration & Product,7/29/2022,18.70%,N/A,2.2,22722656000,6797000000,2182000000,14.17,2.27%,60.95%
FAST,51.36,Fastenal Company,Retail-Wholesale,Building Prds Retail - Wsale,7/29/2022,-19.83%,138.22%,1.27,29515516000,6010900000,925000000,1.79,2.48%,-6.36%
FBHS,69.68,Fortune Brands Home & Security,Retail-Wholesale,Retail - Home Furniture,7/29/2022,-34.82%,215.01%,1.54,9114632000,7656100000,772400000,5.68,1.61%,-28.02%
FCX,31.55,Freeport-Mcmoran Inc,Basic Materials,Mining - Non Ferrous,7/29/2022,-24.39%,-6.30%,2.08,45724216000,22845000000,4306000000,3.5,1.01%,-17.99%
FDS,429.68,Factset Research Systems Inc,Business Services,Business Information,7/29/2022,-11.59%,362.22%,0.78,16319241000,1591450000,399590000,13.16,0.85%,23.05%
FDX,233.09,Fedex Corp,Transportation,Transportation - Air Freight,7/29/2022,-9.88%,158.13%,1.23,60567504000,93512000000,3826000000,20.66,2.00%,-17.32%
FE,41.1,Firstenergy Corp,Utilities,Utility - Electric Power,7/29/2022,-1.18%,-18.16%,0.43,23484336000,11132000000,1283000000,2.52,3.89%,8.02%
FFIV,167.36,F5 Inc,Computers and Technology,Internet - Software,7/29/2022,-31.61%,79.22%,1.15,10120594000,2603420000,331240000,7.59,0.00%,-18.71%
FIS,102.16,Fidelity National Information Services,Business Services,Financial Transaction Services,7/29/2022,-6.40%,224.94%,0.73,62107764000,13877000000,417000000,6.73,1.86%,-31.72%
FISV,105.68,Fiserv Inc,Business Services,Financial Transaction Services,7/29/2022,1.82%,502.77%,0.82,68906320000,16226000000,1334000000,5.81,0.00%,-7.67%
FITB,34.12,Fifth Third Bancorp,Finance,Banks - Major Regional,7/29/2022,-21.65%,146.89%,1.33,23327128000,8329000000,2770000000,3.35,3.59%,-6.88%
FLT,220.09,Fleetcor Technologies,Business Services,Financial Transaction Services,7/29/2022,-1.68%,496.13%,1.25,17021982000,2833740000,839500000,13.16,0.00%,-15.34%
FMC,111.1,FMC Corp,Basic Materials,Chemical - Diversified,7/29/2022,1.10%,103.11%,0.86,13991822000,5045200000,736500000,7.28,1.92%,3.91%
FOX,30.9,Fox Corp Cl B,Consumer Discretionary,Broadcast - Radio & TV,7/29/2022,-9.83%,N/A,0.99,17203544000,12909000000,2150000000,2.7,1.48%,-8.96%
FOXA,33.11,Fox Corp Cl A,Consumer Discretionary,Broadcast - Radio & TV,7/29/2022,-10.27%,N/A,0.94,18433960000,12909000000,2150000000,2.7,1.38%,-8.79%
FRC,162.71,First Republic Bank,Finance,Banks - West,7/29/2022,-21.21%,400.18%,1.1,29230364000,5305000000,1478000000,8.09,0.68%,-18.03%
FRT,105.61,Federal Realty Investment Trust,Finance,REIT - Equity Trust Retail,7/29/2022,-22.53%,-2.81%,1.13,8387545000,951220000,261500000,3.28,4.09%,-9.99%
FTNT,59.65,Fortinet Inc,Computers and Technology,Security,7/29/2022,-17.01%,1142.19%,1.18,47877240000,3342200000,606800000,0.65,0.00%,8.77%
FTV,64.45,Fortive Corp,Computers and Technology,Electronic Test Equipment,7/29/2022,-15.52%,N/A,1.11,23101972000,5254700000,608400000,2.81,0.45%,-6.65%
GD,226.67,General Dynamics Corp,Aerospace,Aerospace - Defense,7/29/2022,8.73%,257.30%,0.9,62947392000,38469000000,3257000000,11.68,2.25%,14.40%
GE,73.91,General Electric Company,Conglomerates,Conglomerates - Div Operations,7/29/2022,-21.76%,-55.48%,1.06,81046232000,74196000000,-6520000000,2.13,0.44%,-30.48%
GILD,59.75,Gilead Sciences Inc,Medical,Medical - Biomedical,7/29/2022,-17.71%,119.95%,0.38,74945200000,27305000000,6225000000,7.33,4.83%,-14.44%
GIS,74.79,General Mills,Consumer Staples,Food - Misc & Diversified,7/29/2022,11.00%,93.26%,0.37,44661448000,18992800000,2707300000,3.94,2.90%,26.96%
GL,100.73,Globe Life Inc,Finance,Finance - Misc Services,7/29/2022,7.48%,203.71%,0.91,9931978000,5112870000,744960000,7.03,0.83%,6.90%
GLW,36.76,Corning Inc,Computers and Technology,Communications Components,7/29/2022,-1.26%,222.17%,0.95,31047936000,14082000000,1906000000,2.17,2.98%,-12.10%
GM,36.26,General Motors Company,Auto-Tires-Trucks,Auto - Domestic,7/29/2022,-38.15%,83.97%,1.25,52868848000,1.27E+11,10019000000,6.93,0.00%,-36.70%
GNRC,268.3,Generac Holdings Inc,Computers and Technology,Electrical Power,7/29/2022,-23.76%,1075.72%,1.2,17125588000,3737180000,533390000,9.34,0.00%,-36.01%
GOOG,116.64,Alphabet Cl C,Computers and Technology,Internet - Services,7/29/2022,-19.38%,N/A,1.1,1.54E+12,2.58E+11,76033000000,5.52,0.00%,-14.57%
GOOGL,116.32,Alphabet Cl A,Computers and Technology,Internet - Services,7/29/2022,-19.70%,635.07%,1.1,1.53E+12,2.58E+11,76033000000,5.52,0.00%,-14.33%
GPC,152.87,Genuine Parts Company,Auto-Tires-Trucks,Auto - Truck Replacement Parts,7/29/2022,9.04%,138.75%,0.95,21645628000,18870510000,898790000,7.27,2.39%,19.50%
GPN,122.32,Global Payments Inc,Business Services,Financial Transaction Services,7/29/2022,-9.51%,471.32%,1.04,34437976000,8523760000,965460000,7.92,0.82%,-36.71%
GRMN,97.62,Garmin Ltd,Computers and Technology,Electronics Products - Misc,7/29/2022,-28.31%,152.84%,1,18852862000,4982800000,1082200000,5.75,2.98%,-38.14%
GS,333.39,Goldman Sachs Group,Finance,Finance - Investment Brokers,7/29/2022,-12.85%,230.42%,1.39,1.15E+11,59339000000,21635000000,44.23,2.43%,-11.70%
GWW,543.53,W.W. Grainger,Industrial Products,Industrial Services,7/29/2022,4.88%,165.36%,1.18,27775472000,13022000000,1043000000,22.43,1.37%,17.84%
HAL,29.3,Halliburton Company,Oils-Energy,Oil - Field Services,7/29/2022,28.12%,-11.56%,2.3,26573458000,15295000000,1457000000,1.48,1.68%,37.88%
HAS,78.72,Hasbro Inc,Consumer Discretionary,Toys & Game & Hobby,7/29/2022,-22.66%,119.77%,0.84,10870524000,6420400000,428700000,4.89,3.52%,-21.66%
HBAN,13.29,Huntington Bcshs,Finance,Banks - Midwest,7/29/2022,-13.81%,113.67%,1.2,19126636000,6080000000,1295000000,1.39,4.75%,-7.45%
HCA,212.42,Hca Holdings Inc,Medical,Medical - Hospitals,7/29/2022,-17.32%,702.19%,1.65,62766716000,58752000000,6956000000,17.32,1.07%,-14.31%
HD,300.94,Home Depot,Retail-Wholesale,Building Prds Retail - Wsale,7/29/2022,-27.49%,476.73%,0.98,3.09E+11,1.51E+11,16433000000,15.75,2.54%,-8.09%
HES,112.47,Hess Corp,Oils-Energy,Oil - US Integrated,7/29/2022,51.92%,138.49%,1.66,35007752000,7583000000,559000000,2.67,1.37%,44.82%
HIG,64.47,Hartford Financial Services Group,Finance,Insurance - Multi Line,7/29/2022,-6.62%,291.91%,0.98,21201928000,22390000000,2365000000,7.27,2.45%,1.99%
HII,216.84,Huntington Ingalls Industries,Aerospace,Aerospace - Defense,7/29/2022,16.12%,456.14%,0.72,8683791000,9524000000,544000000,13.34,2.22%,4.64%
HLT,128.07,Hilton Inc,Consumer Discretionary,Hotels & Motels,7/29/2022,-17.90%,N/A,1.24,35645984000,5788000000,410000000,2.77,0.47%,-4.78%
HOLX,71.38,Hologic Inc,Medical,Medical Instruments,7/29/2022,-6.77%,285.42%,1.09,17800816000,5632300000,1871500000,7.18,0.00%,-3.31%
HON,192.46,Honeywell International Inc,Conglomerates,Conglomerates - Div Operations,7/29/2022,-7.70%,231.54%,1.06,1.31E+11,34392000000,5542000000,8.04,2.06%,-17.36%
HPE,14.24,Hewlett Packard Enterprise Comp,Computers and Technology,Computer - Integrated Systems,7/29/2022,-9.70%,N/A,1.17,18502458000,27784000000,3427000000,2.78,3.41%,-2.13%
HPQ,33.39,HP Inc,Computers and Technology,Computer - Mini,7/29/2022,-11.36%,302.73%,0.97,34529864000,63487000000,6503000000,4.12,3.04%,16.02%
HRL,49.34,Hormel Foods Corp,Consumer Staples,Food - Meat Products,7/29/2022,1.09%,253.57%,0.12,26942404000,11386190000,908840000,1.82,2.11%,5.16%
HSIC,78.83,Henry Schein Inc,Medical,Medical - Dental Suppliers,7/29/2022,1.68%,168.70%,0.77,10882560000,12401020000,631230000,4.58,0.00%,-1.73%
HST,17.81,Host Marriott Financial Trust,Finance,REIT - Equity Trust Other,7/29/2022,2.42%,21.32%,1.22,12730178000,2890000000,-11000000,0.35,1.34%,9.40%
HSY,227.96,Hershey Foods Corp,Consumer Staples,Food - Confectionery,7/29/2022,17.83%,217.76%,0.33,3.46E+11,8971340000,1477510000,7.79,1.61%,27.69%
HUM,482,Humana Inc,Medical,Medical - HMO,7/29/2022,3.91%,682.47%,0.8,60969620000,83064000000,2933000000,21,0.65%,11.90%
HWM,37.13,Howmet Aerospace Inc,Industrial Products,Engineering & R&D Services,7/29/2022,16.65%,N/A,1.57,15517148000,4972000000,258000000,1.1,0.22%,12.18%
IBM,130.79,International Business Machines,Computers and Technology,Computer - Integrated Systems,7/29/2022,-2.15%,-33.26%,0.93,1.18E+11,57350000000,5742000000,9.58,5.11%,-7.85%
ICE,101.99,Intercontinental Exchange,Finance,Securities Exchanges,7/29/2022,-25.43%,288.62%,0.9,56937544000,7146000000,4058000000,5.23,1.48%,-15.59%
IDXX,399.18,Idexx Laboratories,Medical,Medical Instruments,7/29/2022,-39.38%,805.48%,1.12,33533916000,3215360000,744850000,8.53,0.00%,-43.31%
IEX,208.75,Idex Corp,Industrial Products,Machinery - General Industrial,7/29/2022,-11.67%,447.18%,1.02,15866250000,2764800000,449400000,6.75,1.16%,-6.41%
IFF,124.05,International Flavors & Fragrances,Consumer Staples,Consumer Prdts - Misc Staple,7/29/2022,-17.66%,122.55%,1.02,31612656000,11656000000,270000000,5.76,2.54%,-16.82%
ILMN,216.68,Illumina Inc,Medical,Medical - Biomedical,7/29/2022,-43.04%,422.50%,1.1,34040428000,4526000000,762000000,5.14,0.00%,-55.93%
INCY,77.68,Incyte Corp,Medical,Medical - Biomedical,7/29/2022,5.83%,210.84%,0.66,17206508000,2986270000,948580000,1.98,0.00%,0.36%
INTC,36.31,Intel Corp,Computers and Technology,Semi General,7/29/2022,-29.50%,41.28%,0.67,1.48E+11,79024000000,19868000000,4.95,3.68%,-32.38%
INTU,456.17,Intuit Inc,Computers and Technology,Computer - Software,7/29/2022,-29.08%,686.23%,1.14,1.29E+11,9633000000,2062000000,9.56,0.61%,-13.19%
IP,42.77,International Paper Company,Basic Materials,Paper & Related Products,7/29/2022,-8.96%,30.36%,0.94,15851802000,19363000000,1752000000,3.95,4.30%,-26.31%
IPG,29.87,Interpublic Group of Companies,Business Services,Advertising Marketing Services,7/29/2022,-20.24%,202.63%,1.03,11758744000,10240700000,952800000,2.55,3.89%,-14.51%
IQV,240.27,Iqvia Holdings Inc,Business Services,Technology Services,7/29/2022,-14.84%,N/A,1.33,44812276000,13874000000,966000000,9.03,0.00%,-3.39%
IR,49.8,Ingersoll Rand Inc,Industrial Products,Machinery - General Industrial,7/29/2022,-19.51%,N/A,1.47,20215314000,5152400000,562500000,1.99,0.17%,3.36%
IRM,48.49,Iron Mountain Inc,Finance,REIT - Equity Trust Other,7/29/2022,-7.34%,50.54%,0.84,14089352000,4491530000,450220000,1.59,5.15%,11.63%
ISRG,230.17,Intuitive Surg Inc,Medical,Medical Instruments,7/29/2022,-35.94%,330.22%,1.27,82196232000,5710100000,1704600000,3.93,0.00%,-29.65%
IT,265.48,Gartner Inc,Business Services,Consulting,7/29/2022,-20.59%,498.06%,1.47,21381496000,4733960000,793560000,9.59,0.00%,0.86%
ITW,207.76,Illinois Tool Works Inc,Industrial Products,Machinery - General Industrial,7/29/2022,-15.82%,282.33%,1.09,64705396000,14455000000,2694000000,8.18,2.40%,-9.04%
IVZ,17.74,Invesco Plc,Finance,Finance - Investment Mgmt,7/29/2022,-22.94%,-19.84%,1.28,8072143000,6894500000,1629800000,2.97,4.35%,-27.15%
J,137.3,Jacobs Engineering Group Inc,Industrial Products,Engineering & R&D Services,7/29/2022,-1.39%,255.98%,0.83,17660484000,14092630000,477030000,6.5,0.68%,0.57%
JBHT,183.27,J B Hunt Transport,Transportation,Transportation - Truck,7/29/2022,-10.34%,233.10%,1.09,19203578000,12168300000,760810000,8.87,0.89%,9.47%
JCI,53.91,Johnson Controls Intl,Industrial Products,Protection - Safety,7/29/2022,-33.70%,96.25%,1.16,37503516000,23668000000,1637000000,2.88,2.65%,-24.71%
JKHY,207.77,Jack Henry & Assoc,Computers and Technology,Electronic Misc Services,7/29/2022,24.42%,498.24%,0.58,15138951000,1758230000,311470000,4.88,0.95%,19.90%
JNJ,174.52,Johnson & Johnson,Medical,Large Cap Pharma,7/29/2022,2.02%,152.12%,0.63,4.59E+11,93775000000,20878000000,9.99,2.59%,1.36%
JNPR,28.03,Juniper Networks,Computers and Technology,Wireless Equipment,7/29/2022,-21.51%,59.90%,0.94,9056353000,4735400000,252700000,1.23,3.00%,2.26%
JPM,115.36,JP Morgan Chase & Company,Finance,Banks - Major Regional,7/29/2022,-27.15%,220.44%,1.15,3.39E+11,1.27E+11,48334000000,12.46,3.48%,-24.60%
K,73.92,Kellogg Company,Consumer Staples,Food - Misc & Diversified,7/29/2022,14.75%,54.97%,0.43,24975570000,14181000000,1488000000,4.16,3.17%,17.22%
KDP,38.74,Keurig Dr Pepper Inc,Consumer Staples,Beverages - Soft,7/29/2022,5.10%,-15.01%,0.59,54954516000,12683000000,2146000000,1.6,1.95%,10.84%
KEY,18.3,Keycorp,Finance,Banks - Major Regional,7/29/2022,-20.88%,129.32%,1.35,17064218000,7561000000,2625000000,2.28,4.36%,-7.90%
KEYS,162.6,Keysight Technologies Inc Comm,Computers and Technology,Electronics - Measuring Inst,7/29/2022,-21.26%,N/A,1.07,29259218000,4941000000,894000000,6.26,0.00%,0.55%
KHC,36.83,Kraft Heinz Company,Consumer Staples,Food - Misc & Diversified,7/29/2022,2.59%,N/A,0.78,45078156000,26042000000,1012000000,2.82,4.30%,-5.52%
KIM,22.11,Kimco Realty Corp,Finance,REIT - Equity Trust Retail,7/29/2022,-10.30%,13.44%,1.4,13664135000,1364590000,844060000,1.66,3.66%,4.15%
KLAC,383.54,K L A-Tencor Corp,Computers and Technology,Electronics Products - Misc,7/29/2022,-10.83%,653.37%,1.29,57237596000,6918730000,2078290000,19.79,1.14%,20.07%
KMB,131.79,Kimberly-Clark Corp,Consumer Staples,Consumer Prdts - Misc Staple,7/29/2022,-7.79%,51.64%,0.33,44495200000,19440000000,1814000000,5.74,3.48%,-3.22%
KMI,17.99,Kinder Morgan,Oils-Energy,Oil - Production & Pipeline,7/29/2022,13.43%,-49.76%,0.94,40531488000,16610000000,1784000000,1.08,6.15%,0.50%
KMX,99.54,Carmax Inc,Retail-Wholesale,Retail - Wholesale Auto Parts,7/29/2022,-23.57%,257.67%,1.4,15843384000,31900410000,1151300000,5.79,0.00%,-26.25%
KO,64.17,Coca-Cola Company,Consumer Staples,Beverages - Soft,7/29/2022,8.38%,58.84%,0.55,2.78E+11,38655000000,9771000000,2.42,2.75%,12.48%
KR,46.44,Kroger Company,Retail-Wholesale,Retail - Supermarket,7/29/2022,2.61%,318.94%,0.53,33230604000,1.38E+11,1655000000,3.94,1.82%,14.05%
L,58.25,Loews Corp,Finance,Insurance - Multi Line,7/29/2022,0.85%,47.13%,0.86,14335791000,14657000000,1578000000,4.79,0.43%,8.15%
LDOS,107,Leidos Holdings Inc,Aerospace,Aerospace - Defense,7/29/2022,20.36%,236.29%,0.72,14622834000,13737000000,753000000,6.46,1.36%,0.03%
LEN,85,Lennar Corp,Construction,Building - Residential & Comm,7/29/2022,-26.83%,191.00%,1.46,24767810000,27130680000,4430110000,15.02,1.76%,-20.17%
LH,262.19,Laboratory Corp of America Holdings,Medical,Medical - Dental Suppliers,7/29/2022,-16.56%,211.80%,1.02,24305010000,16120900000,2377300000,25.83,1.14%,-11.02%
LHX,239.97,L3Harris Technologies Inc,Aerospace,Aerospace - Defense,7/29/2022,12.54%,476.16%,0.72,46284216000,17814000000,1846000000,12.89,1.93%,5.00%
LIN,302,Linde Plc,Oils-Energy,Oil - Field Services,7/29/2022,-12.83%,N/A,0.88,1.52E+11,30793000000,3826000000,11.13,1.58%,0.85%
LKQ,54.84,LKQ Corp,Auto-Tires-Trucks,Auto - Truck Replacement Parts,7/29/2022,-8.65%,210.44%,1.4,15510562000,13088500000,1090870000,4.02,1.85%,6.55%
LLY,329.69,Eli Lilly and Company,Medical,Large Cap Pharma,7/29/2022,19.36%,648.78%,0.37,3.13E+11,28318400000,5581700000,8.92,1.19%,34.39%
LMT,413.81,Lockheed Martin Corp,Aerospace,Aerospace - Defense,7/29/2022,16.43%,363.55%,0.73,1.10E+11,67044000000,6315000000,26.66,2.76%,11.06%
LNC,51.34,Lincoln National Corp,Finance,Insurance - Life,7/29/2022,-24.79%,156.06%,1.92,8827759000,19230000000,1405000000,8.01,3.57%,-17.59%
LNT,60.93,Alliant Energy Corp,Utilities,Utility - Electric Power,7/29/2022,-0.88%,160.89%,0.48,15281426000,3669000000,674000000,2.71,2.85%,3.45%
LOW,191.53,Lowe's Companies,Retail-Wholesale,Building Prds Retail - Wsale,7/29/2022,-25.90%,654.95%,1.26,1.22E+11,96250000000,8442000000,12.27,2.20%,-1.08%
LRCX,500.51,Lam Research Corp,Computers and Technology,Semi-Eqpt Wafer Fabrication,7/29/2022,-30.40%,1354.55%,1.31,69428248000,14626150000,3908460000,32.38,1.24%,-19.22%
LUMN,10.89,Centurylink,Business Services,Technology Services,7/29/2022,-13.23%,-73.78%,1.02,11249970000,19687000000,2033000000,2.11,9.20%,-13.37%
LUV,38.12,Southwest Airlines Company,Transportation,Transportation - Airline,7/29/2022,-11.02%,314.80%,1,22603482000,15790000000,977000000,-0.76,0.00%,-26.05%
LVS,37.69,Las Vegas Sands,Consumer Discretionary,Gaming,7/29/2022,0.13%,3.49%,1.24,28801040000,4234000000,-961000000,-1.41,0.00%,-12.33%
LW,79.66,Lamb Weston Holdings Inc,Consumer Staples,Food - Misc & Diversified,7/29/2022,25.69%,N/A,0.5,11506649000,3670900000,317800000,1.87,1.22%,18.45%
LYB,89.12,Lyondellbasell Industries NV,Basic Materials,Chemical - Diversified,7/29/2022,-3.37%,100.13%,1.32,29197676000,46173000000,5610000000,19.01,5.37%,-11.35%
LYV,93.99,Live Nation Entertainment,Consumer Discretionary,Leisure & Recreation Services,7/29/2022,-21.47%,953.70%,1.31,21435736000,6268450000,-650900000,-2.06,0.00%,16.44%
MA,353.79,Mastercard Inc,Business Services,Financial Transaction Services,7/29/2022,-1.54%,710.39%,1.04,3.44E+11,18884000000,8687000000,9.43,0.56%,-9.01%
MAA,185.73,Mid-America Apartment Communities,Finance,REIT - Equity Trust Resident,7/29/2022,-19.05%,168.28%,0.73,21438442000,1778080000,533790000,5.16,2.72%,-3.77%
MAR,158.82,Marriot Int Cl A,Consumer Discretionary,Hotels & Motels,7/29/2022,-3.89%,336.08%,1.61,51981472000,13857000000,1099000000,4.33,0.76%,7.40%
MAS,55.38,Masco Corp,Construction,Building & Construction - Misc,7/29/2022,-21.13%,360.35%,1.23,13066358000,8375000000,410000000,3.75,2.03%,-5.59%
MCD,263.37,McDonald's Corp,Retail-Wholesale,Retail - Restaurants,7/29/2022,-1.75%,194.73%,0.55,1.95E+11,23222900000,7545200000,9.64,2.10%,7.93%
MCHP,68.86,Microchip Technology,Computers and Technology,Semi Analog & Mixed,7/29/2022,-20.91%,312.58%,1.6,38044048000,6820900000,1285500000,4.23,1.64%,-2.35%
MCK,341.58,Mckesson Corp,Medical,Medical - Dental Suppliers,7/29/2022,37.42%,276.48%,0.63,49044396000,2.64E+11,1114000000,23.69,0.55%,66.45%
MCO,310.25,Moody's Corp,Finance,Finance - Misc Services,7/29/2022,-20.57%,665.48%,1.19,57241124000,6218000000,2214000000,11.13,0.91%,-17.77%
MDLZ,64.04,Mondelez Intl Inc,Consumer Staples,Food - Misc & Diversified,7/29/2022,-3.42%,222.54%,0.61,88626488000,28720000000,4300000000,2.92,2.18%,1.12%
MDT,92.52,Medtronic Inc,Medical,Medical Products,7/29/2022,-10.57%,134.70%,0.77,1.24E+11,31686000000,5040000000,5.62,2.91%,-29.20%
MET,63.25,Metlife Inc,Finance,Insurance - Multi Line,7/29/2022,1.22%,130.22%,1.13,51435280000,71080000000,6554000000,9.01,3.23%,8.62%
META,159.1,Meta Platforms Inc,Computers and Technology,Internet - Software,7/29/2022,-52.70%,632.84%,1.4,4.31E+11,1.18E+11,39370000000,13.22,0.00%,-55.60%
MGM,32.73,MGM Resorts International,Consumer Discretionary,Gaming,7/29/2022,-27.07%,243.80%,2.17,13944681000,9680140000,1254370000,0.03,0.03%,-14.25%
MHK,128.48,Mohawk Industries,Consumer Discretionary,Textile - Home Furnishings,7/29/2022,-29.48%,93.41%,1.29,8163491000,11200610000,1033160000,15.13,0.00%,-34.40%
MKC,87.35,Mccormick & Company,Consumer Staples,Food - Misc & Diversified,7/29/2022,-9.58%,186.96%,0.5,23435742000,6317900000,755300000,2.75,1.69%,3.68%
MKTX,270.78,Marketaxess Holdings,Finance,Securities Exchanges,7/29/2022,-34.16%,796.03%,0.59,10140982000,698950000,257890000,6.4,1.05%,-43.09%
MLM,352.08,Martin Marietta Materials,Construction,Building - CMT & CNT & AG,7/29/2022,-20.08%,368.57%,0.82,21957470000,5414000000,702500000,11.6,0.71%,-4.16%
MMC,163.96,Marsh & Mclennan Companies,Finance,Insurance - Brokers,7/29/2022,-5.67%,393.71%,0.92,82293824000,19820000000,3143000000,6.63,1.46%,11.69%
MMM,143.24,3M Company,Conglomerates,Conglomerates - Div Operations,7/29/2022,-19.36%,57.01%,0.95,81512016000,35355000000,5921000000,10,4.25%,-27.72%
MNST,99.62,Monster Beverage Cp,Consumer Staples,Beverages - Soft,7/29/2022,3.73%,349.95%,0.93,52765832000,5541350000,1377480000,2.53,0.00%,5.33%
MO,43.86,Altria Group,Consumer Staples,Tobacco,7/29/2022,-7.45%,21.93%,0.61,79411032000,26013000000,2475000000,4.66,8.18%,-9.75%
MOH,327.72,Molina Healthcare Inc,Medical,Medical - HMO,7/29/2022,3.03%,1242.56%,0.8,19237164000,27771000000,659000000,14.01,0.00%,28.41%
MOS,52.66,Mosaic Company,Basic Materials,Fertilizers,7/29/2022,34.03%,-9.38%,1.65,19062552000,12357400000,1630600000,6.88,1.18%,69.16%
MPC,91.66,Marathon Petroleum Corp,Oils-Energy,Oil - Refining and Marketing,7/29/2022,43.24%,287.57%,1.79,49587604000,1.20E+11,9738000000,4.19,2.59%,63.88%
MPWR,464.72,Monolithic Power Sys,Computers and Technology,Semi Analog & Mixed,7/29/2022,-5.80%,2297.94%,1.05,21675936000,1207800000,242020000,5.73,0.65%,5.60%
MRK,89.34,Merck & Company,Medical,Large Cap Pharma,7/29/2022,16.57%,102.26%,0.35,2.26E+11,48704000000,13049000000,7,3.07%,16.13%
MRNA,164.09,Moderna Inc,Medical,Medical - Biomedical,7/29/2022,-35.39%,N/A,1.65,65268440000,18471000000,12202000000,34.03,0.00%,-52.53%
MRO,24.8,Marathon Oil Corp,Oils-Energy,Oil - US Integrated,7/29/2022,51.04%,-6.31%,2.61,17550736000,5601000000,946000000,2.4,1.34%,109.99%
MS,84.3,Morgan Stanley,Finance,Finance - Investment Brokers,7/29/2022,-14.12%,517.13%,1.41,1.47E+11,59755000000,15034000000,7.62,3.38%,-12.44%
MSCI,481.34,MSCI Inc,Computers and Technology,Business Software Services,7/29/2022,-21.44%,1352.01%,1.06,38749312000,2043540000,725980000,10.47,0.88%,-19.07%
MSFT,280.74,Microsoft Corp,Computers and Technology,Computer - Software,7/29/2022,-16.53%,852.63%,0.93,2.10E+12,1.68E+11,61271000000,9.14,0.90%,-2.01%
MSI,238.59,Motorola Solutions,Computers and Technology,Wireless Equipment,7/29/2022,-12.19%,393.57%,0.9,39915392000,8171000000,1245000000,8.32,1.34%,6.62%
MTB,177.45,M&T Bank Corp,Finance,Banks - Major Regional,7/29/2022,15.54%,106.72%,0.89,31837548000,6105780000,1858750000,13.09,2.76%,31.22%
MTCH,73.31,Match Group Inc,Retail-Wholesale,Internet Commerce,7/29/2022,-44.57%,N/A,1.19,20936822000,2983280000,277720000,0.89,0.00%,-55.13%
MTD,1349.73,Mettler-Toledo International,Computers and Technology,Industrial Scientific,7/29/2022,-20.47%,771.92%,1.08,30687460000,3717930000,768990000,35.22,0.00%,-10.71%
MU,61.86,Micron Technology,Computers and Technology,Semi Memory,7/29/2022,-33.59%,896.14%,1.28,68240552000,27705000000,5861000000,8.99,0.74%,-19.75%
NCLH,12.15,Norwegian Cruise Ord,Consumer Discretionary,Leisure & Recreation Services,7/29/2022,-41.42%,N/A,2.52,5092077000,647990000,-4506590000,-7.95,0.00%,-52.00%
NDAQ,180.9,Nasdaq Inc,Finance,Securities Exchanges,7/29/2022,-13.86%,696.92%,0.9,29790248000,5886000000,1187000000,7.75,1.34%,-3.10%
NDSN,230.99,Nordson Corp,Industrial Products,Machinery - General Industrial,7/29/2022,-9.51%,350.62%,0.94,13284698000,2362210000,454370000,8.8,0.90%,2.64%
NEE,84.49,Nextera Energy,Utilities,Utility - Electric Power,7/29/2022,-9.50%,376.67%,0.45,1.66E+11,17069000000,3573000000,2.71,2.01%,8.10%
NEM,45.28,Newmont Mining Corp,Basic Materials,Mining - Misc,7/29/2022,-26.99%,1.82%,0.43,35937832000,12222000000,1166000000,2.9,4.80%,-27.81%
NFLX,224.9,Netflix Inc,Consumer Discretionary,Broadcast - Radio & TV,7/29/2022,-62.67%,2669.22%,1.28,1.00E+11,29697840000,5116230000,11.25,0.00%,-56.27%
NI,30.4,NiSource Inc,Utilities,Utility - Electric Power,7/29/2022,10.11%,202.34%,0.38,12336259000,4899600000,584900000,1.38,3.14%,20.63%
NKE,114.92,Nike Inc,Consumer Staples,Shoes and Related Apparel,7/29/2022,-31.05%,392.43%,1,1.81E+11,46710000000,6046000000,3.76,1.09%,-31.18%
NLOK,24.53,Nortonlifelock Inc,Industrial Products,Protection - Safety,7/29/2022,-5.58%,55.75%,0.68,14228971000,2796000000,836000000,1.73,2.04%,-0.37%
NLSN,23.95,Nielsen Holdings Plc,Business Services,Business Information,7/29/2022,16.77%,-15.96%,1.39,8614648000,3500000000,963000000,1.7,1.00%,1.31%
NOC,478.9,Northrop Grumman Corp,Aerospace,Aerospace - Defense,7/29/2022,23.72%,623.41%,0.66,74442616000,35667000000,7005000000,25.15,1.52%,30.97%
NOW,446.66,Servicenow Inc,Computers and Technology,IT Services,7/29/2022,-31.19%,1554.30%,1.03,89537472000,5896000000,230000000,1.56,0.00%,-23.83%
NRG,37.75,NRG Energy,Utilities,Utility - Electric Power,7/29/2022,-12.37%,90.46%,0.96,8957471000,26989000000,2187000000,7.08,3.73%,-9.54%
NSC,251.17,Norfolk Southern Corp,Transportation,Transportation - Rail,7/29/2022,-15.63%,239.19%,1.33,59862096000,11142000000,3005000000,12.39,2.03%,-1.90%
NTAP,71.33,Netapp Inc,Computers and Technology,Computer - Storage Devices,7/29/2022,-22.46%,118.33%,1.23,15777484000,6318000000,937000000,4.46,2.79%,-9.72%
NTRS,99.78,Northern Trust Corp,Finance,Banks - Major Regional,7/29/2022,-16.58%,119.78%,1.14,20792854000,6488300000,1545300000,7.34,2.86%,-12.17%
NUE,135.8,Nucor Corp,Basic Materials,Steel - Producers,7/29/2022,18.97%,246.43%,1.3,36131224000,36483940000,6827460000,32.59,1.53%,31.27%
NVDA,181.63,Nvidia Corp,Computers and Technology,Semi General,7/29/2022,-38.24%,5265.73%,1.64,4.54E+11,26914000000,9752000000,4.22,0.09%,-7.62%
NVR,4393.1001,NVR Inc,Construction,Building - Residential & Comm,7/29/2022,-25.65%,467.60%,0.99,14451981000,8951030000,1236720000,374.54,0.00%,-16.24%
NWL,20.21,Newell Rubbermaid Inc,Consumer Staples,Consumer Prdts - Misc Staple,7/29/2022,-7.46%,14.50%,0.74,8356835000,10589000000,572000000,1.88,4.45%,-25.75%
NWS,17.28,News Cp Cl B,Consumer Discretionary,Movie & TV Production & Dist,7/29/2022,-23.20%,N/A,1.37,10121622000,9358000000,330000000,0.99,1.16%,-26.25%
NWSA,17.14,News Cp Cl A,Consumer Discretionary,Movie & TV Production & Dist,7/29/2022,-23.17%,N/A,1.31,10039618000,9358000000,330000000,0.99,1.17%,-30.27%
NXPI,183.88,Nxp Semiconductors,Computers and Technology,Semi Analog & Mixed,7/29/2022,-19.27%,713.99%,1.41,48286520000,11063000000,1871000000,10.48,1.85%,-9.98%
O,73.99,Realty Income Corp,Finance,REIT - Equity Trust Retail,7/29/2022,3.35%,79.59%,0.7,44512236000,2080460000,359460000,1.02,4.04%,5.37%
ODFL,303.51,Old Dominion Freight Line Inc,Transportation,Transportation - Truck,7/29/2022,-15.31%,1510.61%,1,34404072000,5256330000,1034380000,9.79,0.41%,13.25%
OGN,31.72,Organon & CO,Medical,Medical Services,7/29/2022,4.17%,N/A,N/A,8045365000,6304000000,1351000000,6.41,3.45%,8.52%
OKE,59.74,Oneok Inc,Oils-Energy,Oil Gas Prod Pipeline MLP,7/29/2022,1.67%,34.22%,1.76,26680840000,16540310000,1499710000,3.37,6.20%,11.04%
OMC,69.84,Omnicom Group Inc,Business Services,Advertising Marketing Services,7/29/2022,-4.68%,39.18%,0.82,14306235000,14289400000,1407800000,6.67,4.02%,-4.63%
ON,66.78,On Semiconductor,Computers and Technology,Semi Analog & Mixed,7/29/2022,-1.68%,862.25%,1.74,29016310000,6739800000,1009600000,3.81,0.00%,72.96%
ORCL,77.84,Oracle Corp,Computers and Technology,Computer - Software,7/29/2022,-10.74%,157.75%,0.84,2.07E+11,42440000000,6717000000,4.31,1.66%,-11.17%
ORLY,703.59,O'Reilly Automotive,Retail-Wholesale,Retail - Wholesale Auto Parts,7/29/2022,-0.37%,720.61%,0.99,46243448000,13327560000,2164690000,31.21,0.00%,17.99%
OTIS,78.17,Otis Worldwide Corp,Construction,Building & Construction - Misc,7/29/2022,-10.22%,N/A,0.85,33049808000,14298000000,1246000000,3.05,1.51%,-12.04%
OXY,65.75,Occidental Petroleum Corp,Oils-Energy,Oil - US Integrated,7/29/2022,126.80%,-24.45%,1.92,61620304000,25956000000,2322000000,4.79,0.83%,145.52%
PARA,23.65,Paramount Global Cl B,Consumer Discretionary,Media Conglomerates,7/29/2022,-21.64%,-29.32%,1.65,15351239000,28586000000,4543000000,2.59,3.94%,-43.27%
PAYC,330.49,Paycom Software Inc,Computers and Technology,Internet - Software,7/29/2022,-20.40%,N/A,1.48,19913344000,1055520000,195960000,3.8,0.00%,-17.38%
PAYX,128.28,Paychex Inc,Business Services,Outsourcing,7/29/2022,-6.02%,292.41%,0.98,46311260000,4611700000,1392800000,3.76,2.46%,12.89%
PCAR,91.52,Paccar Inc,Auto-Tires-Trucks,Auto - Domestic,7/29/2022,3.69%,128.74%,0.87,31819948000,23522300000,1852100000,5.68,1.49%,9.88%
PEAK,27.63,Healthpeak Properties Inc,Finance,REIT - Equity Trust Other,7/29/2022,-23.44%,-41.47%,0.78,14907960000,1896180000,505540000,0.56,4.37%,-25.61%
PEG,65.67,Public Service Enterprise Group Inc,Utilities,Utility - Electric Power,7/29/2022,-1.59%,97.56%,0.56,32786338000,9722000000,-648000000,3.7,3.30%,4.12%
PENN,34.55,Penn Natl Gaming Inc,Consumer Discretionary,Gaming,7/29/2022,-33.37%,292.37%,2.27,5763043000,5905000000,420800000,2.24,0.00%,-50.38%
PEP,174.96,Pepsico Inc,Consumer Staples,Beverages - Soft,7/29/2022,0.72%,140.56%,0.56,2.41E+11,79474000000,7618000000,6.47,2.63%,11.57%
PFE,50.51,Pfizer Inc,Medical,Large Cap Pharma,7/29/2022,-14.46%,110.11%,0.73,2.83E+11,81288000000,21980000000,5.11,3.15%,18.04%
PFG,66.94,Principal Financial Group Inc,Finance,Finance - Investment Mgmt,7/29/2022,-7.45%,161.59%,1.43,16914668000,14262700000,1710600000,6.87,3.94%,6.44%
PG,138.91,Procter & Gamble Company,Consumer Staples,Soap and Cleaning Products,7/29/2022,-15.08%,115.23%,0.4,3.33E+11,76118000000,14306000000,5.73,2.47%,-0.41%
PGR,115.06,Progressive Corp,Finance,Insurance - Proprty & Casualty,7/29/2022,12.09%,482.88%,0.49,67296064000,47702000000,3350900000,3.26,0.35%,20.15%
PH,289.09,Parker-Hannifin Corp,Industrial Products,Machinery - General Industrial,7/29/2022,-9.13%,259.92%,1.55,37111060000,14347640000,1746100000,17.93,1.88%,-6.55%
PHM,43.62,Pultegroup,Construction,Building - Residential & Comm,7/29/2022,-23.69%,286.02%,1.33,10097942000,13926880000,1946320000,7.88,1.37%,-20.78%
PKG,140.61,Packaging Corp of America,Industrial Products,Containers - Paper Products,7/29/2022,3.28%,356.67%,0.8,13175296000,7730300000,841100000,10.34,3.57%,0.28%
PKI,153.17,Perkinelmer,Computers and Technology,Industrial Scientific,7/29/2022,-23.82%,499.49%,1.13,19322088000,5067170000,943160000,10.11,0.18%,-14.57%
PLD,132.56,Prologis Inc,Finance,REIT - Equity Trust Other,7/29/2022,-21.26%,310.02%,0.85,98129800000,4759440000,2939720000,5,2.39%,3.65%
PM,97.15,Philip Morris International Inc,Consumer Staples,Tobacco,7/29/2022,2.26%,6.24%,0.66,1.51E+11,31405000000,9109000000,5.97,5.15%,-3.13%
PNC,165.94,PNC Bank,Finance,Banks - Major Regional,7/29/2022,-17.25%,180.78%,1.24,68629632000,19698000000,5674000000,14.14,3.68%,-10.38%
PNR,48.89,Pentair Ltd,Industrial Products,Machinery - Thermal Processing,7/29/2022,-33.05%,11.54%,1.11,8040450000,3764800000,553000000,3.45,1.73%,-32.81%
PNW,73.47,Pinnacle West Capital Corp,Utilities,Utility - Electric Power,7/29/2022,4.08%,37.22%,0.33,8302183000,3803840000,618720000,5.3,4.61%,-13.97%
POOL,357.7,Pool Corp,Consumer Discretionary,Leisure & Recreational Prdcts,7/29/2022,-36.80%,870.43%,0.92,14334471000,5295580000,650620000,18.81,1.11%,-25.14%
PPG,129.29,PPG Industries,Basic Materials,Chemical - Diversified,7/29/2022,-25.02%,136.23%,1.15,30382760000,16802000000,1439000000,6.13,1.81%,-20.61%
PPL,29.08,PPL Corp,Utilities,Utility - Electric Power,7/29/2022,-3.26%,0.62%,0.75,21400060000,5783000000,-1480000000,1.18,3.13%,1.71%
PRU,99.99,Prudential Financial Inc,Finance,Insurance - Multi Line,7/29/2022,-7.62%,107.10%,1.46,37496248000,70934000000,7724000000,13.92,4.89%,-1.42%
PSA,326.41,Public Storage,Finance,REIT - Equity Trust Other,7/29/2022,-12.86%,119.14%,0.31,57272556000,3415820000,1953260000,10.11,2.37%,4.68%
PSX,89,Phillips 66,Oils-Energy,Oil - Refining and Marketing,7/29/2022,22.83%,136.70%,1.44,42817900000,1.11E+11,1317000000,8.18,4.41%,19.02%
PTC,123.38,Ptc Inc,Computers and Technology,Computer - Software,7/29/2022,1.84%,N/A,1.13,14432498000,1807160000,476920000,3.15,0.00%,-7.25%
PVH,61.92,Phillips-Van Heusen Corp,Consumer Staples,Textile - Apparel,7/29/2022,-41.94%,-22.04%,2.08,4146225000,9154700000,952300000,10.17,0.24%,-40.14%
PWR,138.73,Quanta Services,Industrial Products,Engineering & R&D Services,7/29/2022,20.99%,503.44%,1.1,19936746000,12980210000,485960000,4.96,0.19%,51.70%
PXD,236.95,Pioneer Natural Resources Company,Oils-Energy,Oil - US Exploration & Product,7/29/2022,30.28%,167.35%,1.56,57332180000,14643000000,2118000000,19,1.18%,61.11%
PYPL,86.53,Paypal Holdings,Computers and Technology,Internet - Software,7/29/2022,-54.11%,N/A,1.44,1.00E+11,25371000000,4169000000,3.24,0.00%,-69.44%
QCOM,145.06,Qualcomm Inc,Computers and Technology,Wireless Equipment,7/29/2022,-20.68%,143.06%,1.2,1.62E+11,33566000000,9043000000,9.72,2.05%,-3.93%
QRVO,104.07,Qorvo Inc,Computers and Technology,Semi Radio Frequency,7/29/2022,-33.45%,N/A,1.36,10794868000,4645710000,1033350000,11.73,0.00%,-46.37%
RCL,38.71,Royal Caribbean Cruises Ltd,Consumer Discretionary,Leisure & Recreation Services,7/29/2022,-49.66%,54.96%,2.52,9869346000,1532130000,-5260500000,-19.32,0.00%,-51.62%
RE,261.35,Everest Re Group,Finance,Insurance - Proprty & Casualty,7/29/2022,-4.59%,156.98%,0.61,10307119000,11866260000,1379080000,32.72,2.56%,5.56%
REG,64.43,Regency Centers Corp,Finance,REIT - Equity Trust Retail,7/29/2022,-14.49%,34.65%,1.1,11105282000,1166160000,361410000,2.62,3.92%,-1.33%
REGN,581.69,Regeneron Pharmaceuticals,Medical,Medical - Biomedical,7/29/2022,-7.89%,332.00%,0.31,63136048000,16071700000,8075300000,78.55,0.00%,-0.25%
RF,21.18,Regions Financial Corp,Finance,Banks - Southeast,7/29/2022,-2.84%,204.31%,1.28,19792710000,6605000000,2521000000,2.24,3.25%,8.45%
RHI,79.14,Robert Half International Inc,Business Services,Staffing,7/29/2022,-29.04%,193.00%,1.49,8746078000,6461440000,598630000,6.16,2.20%,-18.71%
RJF,98.47,Raymond James Financial,Finance,Finance - Investment Brokers,7/29/2022,-1.92%,339.34%,1.1,20506278000,9760000000,1403000000,7.56,1.43%,12.75%
RL,98.63,Ralph Lauren Corp,Consumer Staples,Textile - Apparel,7/29/2022,-17.02%,-31.67%,1.38,6911496000,6218500000,600100000,8.34,3.08%,-10.47%
RMD,240.52,Resmed Inc,Medical,Medical Products,7/29/2022,-7.66%,662.10%,0.42,35184472000,3196830000,474510000,5.65,0.69%,-10.83%
ROK,255.28,Rockwell Automation Inc,Computers and Technology,Industrial Robotics,7/29/2022,-26.82%,278.98%,1.39,29679362000,6997400000,1358100000,8.44,1.81%,-16.25%
ROL,38.57,Rollins Inc,Construction,Building - Maint & Service,7/29/2022,12.74%,452.05%,0.57,18994220000,2424300000,350690000,0.68,1.04%,1.96%
ROP,436.67,Roper Industries,Computers and Technology,IT Services,7/29/2022,-11.22%,339.09%,1.03,46249032000,5777800000,1152600000,15.36,0.57%,-11.22%
ROST,81.26,Ross Stores Inc,Retail-Wholesale,Retail - Discount,7/29/2022,-28.89%,144.61%,0.99,28434988000,18916240000,1722590000,4.49,1.52%,-33.71%
RSG,138.66,Republic Services,Business Services,Waste Removal Svcs,7/29/2022,-0.57%,379.29%,0.73,43801444000,11295000000,1290400000,4.36,1.34%,20.07%
RTX,93.21,Raytheon Technologies Corp,Aerospace,Aerospace - Defense Equipment,7/29/2022,8.31%,112.24%,1.11,1.38E+11,64388000000,3864000000,4.52,2.38%,6.34%
SBAC,335.79,SBA Communications,Finance,REIT - Equity Trust Other,7/29/2022,-13.68%,468.56%,0.43,36207904000,2308830000,237620000,3.96,0.85%,-0.78%
SBNY,185.57,Signature Bank,Finance,Banks - Northeast,7/29/2022,-42.63%,187.71%,1.8,11251665000,2311270000,918440000,18.78,1.21%,-19.41%
SBUX,84.78,Starbucks Corp,Retail-Wholesale,Retail - Restaurants,7/29/2022,-27.52%,274.47%,0.93,97234176000,29060600000,4199300000,3.32,2.31%,-30.72%
SCHW,69.05,The Charles Schwab Corp,Finance,Finance - Investment Brokers,7/29/2022,-17.90%,446.71%,1.1,1.25E+11,18520000000,5855000000,3.44,1.18%,0.70%
SEDG,360.13,Solaredge Tech,Oils-Energy,Solar,7/29/2022,28.36%,N/A,1.06,19946522000,1963870000,169170000,3,0.00%,37.91%
SEE,61.12,Sealed Air Corp,Industrial Products,Containers - Paper Products,7/29/2022,-9.41%,277.28%,1.16,8928653000,5533800000,506800000,3.89,1.31%,8.89%
SHW,241.94,Sherwin-Williams Company,Construction,Paint & Related Products,7/29/2022,-31.30%,440.25%,1.06,62936100000,19944600000,1864400000,7.69,0.99%,-16.40%
SIVB,403.55,Svb Financial Group,Finance,Banks - West,7/29/2022,-40.50%,598.06%,1.83,23749320000,6027000000,1833000000,27.34,0.00%,-28.79%
SJM,132.32,J.M. Smucker Company,Consumer Staples,Food - Misc & Diversified,7/29/2022,-2.58%,72.29%,0.24,14351164000,7998900000,631700000,8.89,3.02%,0.71%
SLB,37.03,Schlumberger N.V.,Oils-Energy,Oil - Field Services,7/29/2022,23.64%,-48.04%,1.93,52340460000,22929000000,1881000000,1.61,1.96%,24.93%
SNA,224.05,Snap-On Inc,Consumer Discretionary,Tools - Hand Held,7/29/2022,4.03%,230.55%,1.09,11934696000,4252000000,820500000,15.94,2.56%,1.37%
SNPS,367.5,Synopsys Inc,Computers and Technology,Computer - Software,7/29/2022,-0.27%,1113.27%,1.17,56216476000,4204190000,757520000,6.22,0.00%,28.71%
SO,76.89,Southern Company,Utilities,Utility - Electric Power,7/29/2022,12.12%,59.69%,0.49,81697552000,23113000000,2408000000,3.4,3.59%,19.28%
SPG,108.64,Simon Property Group,Finance,REIT - Equity Trust Retail,7/29/2022,-32.00%,-32.31%,1.48,35698672000,5116790000,2249630000,6.46,6.33%,-13.72%
SPGI,376.93,S&P Global Inc,Business Services,Business Information,7/29/2022,-20.13%,702.66%,1.03,1.28E+11,8297000000,3024000000,13.2,0.91%,-11.01%
SRE,165.8,Sempra,Utilities,Utility - Gas Distribution,7/29/2022,25.34%,135.48%,0.64,52111768000,12857000000,1318000000,8.4,2.80%,25.20%
STE,225.65,Steris Corp,Medical,Medical Instruments,7/29/2022,-7.30%,648.92%,0.7,22583052000,4585060000,243890000,7.91,0.76%,4.10%
STT,71.04,State Street Corp,Finance,Banks - Major Regional,7/29/2022,-23.61%,75.93%,1.6,26079850000,12030000000,2693000000,7.53,3.26%,-19.24%
STX,79.98,Seagate Technology Hldgs Plc,Business Services,Technology Services,7/29/2022,-29.21%,166.42%,1.05,17183224000,11661000000,1649000000,7.61,3.51%,-8.28%
STZ,246.31,Constellation Brands Inc,Consumer Staples,Beverages - Alcohol,7/29/2022,-1.86%,773.13%,1.04,45515380000,8820700000,-40400000,10.53,1.29%,9.68%
SWK,97.33,Stanley Black & Decker Inc,Industrial Products,Machinery - Tools & Related,7/29/2022,-48.40%,45.51%,1.36,14693424000,15617200000,1600300000,10.09,3.21%,-50.79%
SWKS,108.88,Skyworks Solutions,Computers and Technology,Semi Radio Frequency,7/29/2022,-29.82%,276.36%,1.16,17521622000,5109100000,1498300000,9.57,2.08%,-44.64%
SYF,33.48,Synchrony Financial,Finance,Finance - Misc Services,7/29/2022,-27.83%,N/A,1.52,16129291000,15752000000,4221000000,6.48,2.69%,-30.71%
SYK,214.75,Stryker Corp,Medical,Medical Products,7/29/2022,-19.70%,312.74%,1.04,81208568000,17108000000,1994000000,9.13,1.27%,-20.22%
SYY,84.9,Sysco Corp,Consumer Staples,Food - Misc & Diversified,7/29/2022,8.08%,188.87%,1.07,43254516000,51297840000,524210000,2.82,2.25%,13.08%
T,18.78,AT&T Inc,Utilities,Wireless National,7/29/2022,1.15%,-34.38%,0.54,1.34E+11,1.69E+11,20081000000,3.07,5.97%,-12.04%
TAP,59.75,Molson Coors Brewing Company,Consumer Staples,Beverages - Alcohol,7/29/2022,28.91%,41.19%,0.8,12959536000,10279700000,1005700000,4.43,2.57%,20.93%
TDG,622.34,Transdigm Group Inc,Aerospace,Aerospace - Defense Equipment,7/29/2022,-2.19%,404.49%,1.43,33983496000,4798000000,680000000,12.76,0.00%,-4.97%
TDY,391.4,Teledyne Technologies Inc,Aerospace,Aerospace - Defense Equipment,7/29/2022,-10.41%,528.25%,1.1,18334346000,4614300000,445300000,17.78,0.00%,-12.82%
TECH,385.28,Bio-Techne Cp,Medical,Medical - Biomedical,7/29/2022,-25.53%,457.73%,1.22,15116076000,931030000,140410000,6.79,0.34%,-20.25%
TEL,133.73,Te Connectivity Ltd,Computers and Technology,Electronics - Misc Components,7/29/2022,-17.11%,305.12%,1.28,43084328000,14923000000,2261000000,7.05,1.71%,-8.51%
TER,100.89,Teradyne Inc,Computers and Technology,Electronic Test Equipment,7/29/2022,-38.30%,585.86%,1.53,16162881000,3702880000,1014590000,5.85,0.44%,-19.71%
TFC,50.47,Truist Financial Corp,Finance,Banks - Major Regional,7/29/2022,-13.80%,60.89%,1.14,67196464000,23064000000,6440000000,5.23,3.87%,-8.77%
TFX,240.46,Teleflex Inc,Medical,Medical Instruments,7/29/2022,-26.80%,277.25%,1.17,11277575000,2809560000,485370000,13.34,0.55%,-39.28%
TGT,163.38,Target Corp,Retail-Wholesale,Retail - Discount,7/29/2022,-29.41%,169.38%,1,75758656000,1.06E+11,6946000000,12.05,2.26%,-37.56%
TJX,61.16,TJX Companies,Retail-Wholesale,Retail - Discount,7/29/2022,-19.44%,176.24%,0.91,71657256000,48549980000,3282820000,3.09,1.93%,-11.16%
TMO,598.41,Thermo Fisher Scientific Inc,Medical,Medical Instruments,7/29/2022,-10.32%,974.92%,0.82,2.34E+11,39211000000,7725000000,25.15,0.20%,12.11%
TMUS,143.06,T-Mobile US,Utilities,Wireless National,7/29/2022,23.35%,716.55%,0.48,1.79E+11,80118000000,3024000000,3,0.00%,-1.09%
TPR,33.63,Tapestry Inc,Retail-Wholesale,Retail - Apparel & Shoes,7/29/2022,-17.17%,-31.83%,1.37,8468102000,5746300000,834200000,3.4,2.94%,-18.49%
TRMB,69.43,Trimble Navigation,Computers and Technology,Electronics Products - Misc,7/29/2022,-20.37%,213.74%,1.54,17367358000,3659100000,492700000,2.35,0.00%,-18.79%
TROW,123.47,T Rowe Price Group,Finance,Finance - Investment Mgmt,7/29/2022,-37.21%,103.24%,1.33,28064360000,7671900000,3082900000,12.37,3.97%,-39.46%
TRV,158.7,The Travelers Companies Inc,Finance,Insurance - Proprty & Casualty,7/29/2022,1.45%,153.31%,0.69,37661572000,34816000000,3662000000,14.59,2.39%,6.60%
TSCO,191.48,Tractor Supply Company,Retail-Wholesale,Retail - Misc & Diversified,7/29/2022,-19.75%,321.44%,0.97,21423164000,12731110000,997110000,9.06,1.93%,5.80%
TSLA,891.45,Tesla Inc,Auto-Tires-Trucks,Auto - Domestic,7/29/2022,-15.64%,16155.47%,2.11,9.31E+11,53823000000,5519000000,8.3,0.00%,31.61%
TSN,88.01,Tyson Foods,Consumer Staples,Food - Meat Products,7/29/2022,0.98%,486.34%,0.69,31900632000,47049000000,3047000000,10.16,2.11%,22.37%
TT,146.99,Trane Technologies Plc,Business Services,Technology Services,7/29/2022,-27.24%,246.59%,1.02,34375084000,14136400000,1423400000,6.2,1.84%,-27.45%
TTWO,132.73,Take-Two Interactive,Consumer Discretionary,Toys & Game & Hobby,7/29/2022,-25.32%,1411.73%,0.74,15371326000,3504800000,418020000,3.94,0.00%,-21.92%
TWTR,41.61,Twitter Inc,Computers and Technology,Internet - Software,7/29/2022,-3.73%,N/A,0.59,31841884000,5077480000,-221410000,-0.13,0.00%,-40.87%
TXN,178.89,Texas Instruments,Computers and Technology,Semi General,7/29/2022,-5.08%,556.72%,0.98,1.65E+11,18344000000,7769000000,8.74,2.62%,-5.76%
TXT,65.64,Textron Inc,Aerospace,Aerospace - Defense,7/29/2022,-14.97%,151.98%,1.6,14118048000,12382000000,746000000,3.48,0.12%,-5.27%
TYL,399,Tyler Technologies,Computers and Technology,Business Software Services,7/29/2022,-25.83%,922.55%,0.83,16548122000,1592290000,161460000,5.65,0.00%,-18.80%
UAL,36.75,United Airlines Holdings Inc,Transportation,Transportation - Airline,7/29/2022,-16.06%,94.55%,1.32,12007879000,24634000000,-1964000000,-5.43,0.00%,-24.21%
UDR,48.4,United Dominion Realty Trust,Finance,REIT - Equity Trust Resident,7/29/2022,-19.32%,81.89%,0.75,15410609000,1290770000,150020000,0.48,3.15%,-12.93%
UHS,112.47,Universal Health Services,Medical,Medical - Hospitals,7/29/2022,-13.26%,187.79%,1.16,8413319000,12642120000,991590000,11.53,0.72%,-29.25%
ULTA,388.91,Ulta Beauty Inc,Retail-Wholesale,Retail - Misc & Diversified,7/29/2022,-5.68%,358.19%,1.5,20152538000,8630890000,985840000,20.21,0.00%,16.23%
UNH,542.34,Unitedhealth Group Inc,Medical,Medical - HMO,7/29/2022,8.01%,961.54%,0.77,5.09E+11,2.88E+11,17285000000,20.06,1.22%,31.61%
UNP,227.3,Union Pacific Corp,Transportation,Transportation - Rail,7/29/2022,-9.78%,270.77%,1.17,1.42E+11,21804000000,6523000000,10.73,2.32%,4.59%
UPS,194.89,United Parcel Service,Transportation,Transportation - Air Freight,7/29/2022,-9.07%,157.76%,1.1,1.70E+11,97287000000,12890000000,12.41,3.23%,1.61%
URI,322.67,United Rentals,Construction,Building & Construction - Misc,7/29/2022,-2.90%,1016.12%,1.83,23107042000,9716000000,1386000000,24.36,0.00%,0.07%
USB,47.2,U.S. Bancorp,Finance,Banks - Major Regional,7/29/2022,-15.97%,40.90%,1,70126928000,23714000000,7963000000,4.45,3.99%,-16.37%
V,212.11,Visa Inc,Business Services,Financial Transaction Services,7/29/2022,-2.12%,557.35%,0.9,4.03E+11,24105000000,12311000000,6.71,0.71%,-14.44%
VFC,44.68,V.F. Corp,Consumer Staples,Textile - Apparel,7/29/2022,-38.98%,19.71%,1.41,17357288000,11841840000,1386940000,3.18,4.12%,-47.16%
VICI,34.19,Vici Properties Inc,Finance,REIT - Equity Trust Other,7/29/2022,13.55%,N/A,0.93,32925038000,1509570000,1013850000,1.61,4.26%,10.33%
VLO,110.77,Valero Energy Corp,Oils-Energy,Oil - Refining and Marketing,7/29/2022,47.48%,302.80%,1.8,45204796000,1.14E+11,930000000,6.48,3.58%,63.76%
VMC,165.33,Vulcan Materials Company,Construction,Building - CMT & CNT & AG,7/29/2022,-20.35%,326.77%,0.75,21971696000,5552200000,670800000,5.09,0.98%,-9.46%
VNO,30.39,Vornado Realty Trust,Finance,REIT - Equity Trust Other,7/29/2022,-27.40%,-54.51%,1.29,5827070000,1589210000,176000000,0.56,7.06%,-30.82%
VRSK,190.25,Verisk Analytics Inc,Business Services,Business Information,7/29/2022,-16.82%,278.61%,0.84,30040856000,2998600000,666200000,5.42,0.66%,1.30%
VRSN,189.16,Verisign Inc,Computers and Technology,Internet Software Services,7/29/2022,-25.47%,325.84%,0.99,20721532000,1327580000,784830000,5.62,0.00%,-12.44%
VRTX,280.41,Vertex Pharmaceutic,Medical,Medical - Biomedical,7/29/2022,27.69%,478.05%,0.5,71716544000,7574400000,2342100000,12.39,0.00%,39.94%
VTR,53.78,Ventas Inc,Finance,REIT - Equity Trust Other,7/29/2022,5.20%,-20.03%,1.15,21495650000,3828010000,49010000,0.39,3.38%,-9.83%
VTRS,9.69,Viatris Inc,Medical,Medical Services,7/29/2022,-28.38%,N/A,1.28,11747671000,17886300000,-1269100000,3.7,4.91%,-32.19%
VZ,46.19,Verizon Communications Inc,Utilities,Wireless National,7/29/2022,-11.10%,2.33%,0.4,1.94E+11,1.34E+11,22065000000,5.38,5.62%,-17.49%
WAB,93.47,Wabtec Corp,Transportation,Transportation - Equip & Lease,7/29/2022,1.48%,136.09%,1.51,17072108000,7822000000,558000000,4.51,0.64%,9.95%
WAT,364.03,Waters Corp,Computers and Technology,Industrial Scientific,7/29/2022,-2.30%,369.84%,0.8,21927348000,2785870000,692840000,11.73,0.00%,-6.90%
WBA,39.62,Walgreens Boots Alliance,Retail-Wholesale,Retail - Drug Stores,7/29/2022,-24.04%,8.97%,0.6,34241864000,1.33E+11,2542000000,5.4,4.84%,-15.77%
WBD,15,Discovery Inc Series A,Consumer Discretionary,Broadcast - Radio & TV,7/29/2022,N/A,N/A,1.35,36402660000,12191000000,1006000000,2.08,0.00%,N/A
WDC,49.1,Western Digital Cp,Computers and Technology,Computer - Storage Devices,7/29/2022,-24.70%,23.46%,1.5,15376549000,16922000000,821000000,7.62,0.00%,-23.83%
WEC,103.81,Wisconsin Energy Corp,Utilities,Utility - Electric Power,7/29/2022,6.94%,154.81%,0.29,32745308000,8316000000,1301500000,4.29,2.83%,9.76%
WELL,86.34,Welltower Inc,Finance,REIT - Equity Trust Other,7/29/2022,0.66%,38.74%,0.97,39195596000,4742120000,336140000,0.75,2.84%,-1.58%
WFC,43.87,Wells Fargo & Company,Finance,Banks - Major Regional,7/29/2022,-8.57%,29.75%,1.16,1.66E+11,82407000000,21548000000,4.17,2.31%,-5.66%
WHR,172.87,Whirlpool Corp,Consumer Discretionary,Appliances - Household,7/29/2022,-26.33%,155.88%,1.56,9422796000,21985000000,1783000000,24.77,3.98%,-22.99%
WM,164.56,Waste Management,Business Services,Waste Removal Svcs,7/29/2022,-1.40%,378.37%,0.78,68326464000,17931000000,1816000000,5.08,1.58%,12.55%
WMB,34.09,Williams Companies,Oils-Energy,Oil - Production & Pipeline,7/29/2022,30.91%,7.23%,1.2,41522028000,10627000000,1517000000,1.41,5.03%,33.95%
WMT,132.05,Walmart Inc,Retail-Wholesale,Retail - Supermarket,7/29/2022,-8.74%,77.42%,0.52,3.62E+11,5.73E+11,13673000000,6.06,1.73%,-7.16%
WRB,62.53,W.R. Berkley Corp,Finance,Insurance - Proprty & Casualty,7/29/2022,13.84%,284.09%,0.73,16582518000,9455470000,1022490000,4.12,0.65%,27.51%
WRK,42.36,Westrock Company,Basic Materials,Paper & Related Products,7/29/2022,-4.51%,N/A,1.05,10795531000,18746100000,838300000,4.05,2.37%,-14.41%
WST,343.56,West Pharmaceutical Services,Medical,Medical - Dental Suppliers,7/29/2022,-26.75%,1280.31%,1.13,25449548000,2831600000,661800000,8.86,0.21%,-15.15%
WTW,206.94,Willis Towers Watson Public Ltd CO,Finance,Insurance - Brokers,7/29/2022,-12.86%,252.96%,0.79,23071324000,8998000000,4222000000,12.72,1.60%,1.66%
WY,36.32,Weyerhaeuser Company,Construction,Building Products - Wood,7/29/2022,-11.80%,55.55%,1.5,27040168000,10201000000,2607000000,3.77,1.98%,4.28%
WYNN,63.48,Wynn Resorts Ltd,Consumer Discretionary,Gaming,7/29/2022,-25.35%,-32.29%,2.18,7361458000,3763660000,-755790000,-4.94,0.00%,-36.37%
XEL,73.18,XCEL Energy Inc,Utilities,Utility - Electric Power,7/29/2022,8.09%,149.76%,0.35,39857708000,13431000000,1597000000,2.99,2.70%,6.38%
XOM,96.93,Exxon Mobil Corp,Oils-Energy,Oil - International Integrated,7/29/2022,58.41%,11.61%,1.07,4.08E+11,2.86E+11,23040000000,6.8,3.80%,64.48%
XRAY,36.16,Dentsply Sirona Inc,Medical,Medical - Dental Suppliers,7/29/2022,-35.19%,-0.50%,0.94,7790745000,4251000000,421000000,2.67,1.38%,-44.71%
XYL,92.03,Xylem Inc,Industrial Products,Machinery - General Industrial,7/29/2022,-23.26%,283.78%,1.07,16573959000,5195000000,427000000,2.39,1.33%,-26.41%
YUM,122.54,Yum! Brands,Retail-Wholesale,Retail - Restaurants,7/29/2022,-11.75%,162.69%,1.02,34943996000,6584000000,1575000000,4.45,1.86%,-5.96%
ZBH,110.39,Zimmer Biomet Holdings,Medical,Medical Products,7/29/2022,-13.11%,87.32%,1.17,23135204000,7836200000,401600000,7.27,0.87%,-32.17%
ZBRA,357.69,Zebra Technologies,Industrial Products,Machinery - Thermal Processing,7/29/2022,-39.90%,935.58%,1.61,18783728000,5627000000,837000000,16.36,0.00%,-34.74%
ZION,54.55,Zions Bancorp,Finance,Banks - West,7/29/2022,-13.63%,199.73%,1.29,8256633000,2970000000,1129000000,6.14,2.84%,3.24%
ZTS,182.55,Zoetis Inc Cl A,Medical,Medical - Drugs,7/29/2022,-25.19%,N/A,0.73,85913320000,7776000000,2037000000,4.76,0.71%,-10.57%
Downloaded from Barchart.com as of 07-31-2022 09:32pm CDT,,,,,,,,,,,,,,
